5,2024-12-17 23:03:36,2024-12-17 23:03:36,0.05142712593078613
5,2024-12-17 23:03:36,2024-12-17 23:03:36,0.0403897762298584
5,2024-12-17 23:03:36,2024-12-17 23:03:36,0.05800914764404297
5,2024-12-17 23:03:36,2024-12-17 23:03:36,0.053687095642089844
5,2024-12-17 23:03:36,2024-12-17 23:03:36,0.04827284812927246
5,2024-12-17 23:03:36,2024-12-17 23:03:36,0.044245004653930664
5,2024-12-17 23:03:36,2024-12-17 23:03:36,0.06740617752075195
5,2024-12-17 23:03:36,2024-12-17 23:03:36,0.06309890747070312
5,2024-12-17 23:03:36,2024-12-17 23:03:36,0.055577993392944336
5,2024-12-17 23:03:36,2024-12-17 23:03:36,0.060485124588012695
5,2024-12-17 23:03:36,2024-12-17 23:03:36,0.0653829574584961
5,2024-12-17 23:03:36,2024-12-17 23:03:36,0.6735410690307617
5,2024-12-17 23:03:37,2024-12-17 23:03:37,0.01689291000366211
5,2024-12-17 23:03:37,2024-12-17 23:03:37,0.02289295196533203
5,2024-12-17 23:03:37,2024-12-17 23:03:37,0.019052982330322266
5,2024-12-17 23:03:37,2024-12-17 23:03:37,0.02080988883972168
5,2024-12-17 23:03:37,2024-12-17 23:03:37,0.026575803756713867
5,2024-12-17 23:03:37,2024-12-17 23:03:37,0.030130863189697266
5,2024-12-17 23:03:37,2024-12-17 23:03:37,0.036108970642089844
5,2024-12-17 23:03:37,2024-12-17 23:03:37,0.03312206268310547
5,2024-12-17 23:03:37,2024-12-17 23:03:37,0.028625011444091797
5,2024-12-17 23:03:37,2024-12-17 23:03:37,0.03464388847351074
5,2024-12-17 23:03:37,2024-12-17 23:03:37,0.03167009353637695
5,2024-12-17 23:03:37,2024-12-17 23:03:37,0.024658918380737305
5,2024-12-17 23:03:38,2024-12-17 23:03:38,0.009089946746826172
5,2024-12-17 23:03:38,2024-12-17 23:03:38,0.012989997863769531
5,2024-12-17 23:03:38,2024-12-17 23:03:38,0.015573978424072266
5,2024-12-17 23:03:38,2024-12-17 23:03:38,0.014278888702392578
5,2024-12-17 23:03:38,2024-12-17 23:03:38,0.020340919494628906
5,2024-12-17 23:03:38,2024-12-17 23:03:38,0.022571086883544922
5,2024-12-17 23:03:38,2024-12-17 23:03:38,0.017947912216186523
5,2024-12-17 23:03:38,2024-12-17 23:03:38,0.024900197982788086
5,2024-12-17 23:03:38,2024-12-17 23:03:38,0.01677393913269043
5,2024-12-17 23:03:38,2024-12-17 23:03:38,0.021458864212036133
5,2024-12-17 23:03:38,2024-12-17 23:03:38,0.019177913665771484
5,2024-12-17 23:03:38,2024-12-17 23:03:38,0.023723125457763672
5,2024-12-17 23:03:39,2024-12-17 23:03:39,0.008867025375366211
5,2024-12-17 23:03:39,2024-12-17 23:03:39,0.004762172698974609
5,2024-12-17 23:03:39,2024-12-17 23:03:39,0.01523900032043457
5,2024-12-17 23:03:39,2024-12-17 23:03:39,0.018346071243286133
5,2024-12-17 23:03:39,2024-12-17 23:03:39,0.02942490577697754
5,2024-12-17 23:03:39,2024-12-17 23:03:39,0.025605201721191406
5,2024-12-17 23:03:39,2024-12-17 23:03:39,0.0325319766998291
5,2024-12-17 23:03:39,2024-12-17 23:03:39,0.02191305160522461
5,2024-12-17 23:03:39,2024-12-17 23:03:39,0.023591995239257812
5,2024-12-17 23:03:39,2024-12-17 23:03:39,0.030913114547729492
5,2024-12-17 23:03:39,2024-12-17 23:03:39,0.020099163055419922
5,2024-12-17 23:03:39,2024-12-17 23:03:39,0.02777695655822754
5,2024-12-17 23:03:40,2024-12-17 23:03:40,0.01306605339050293
5,2024-12-17 23:03:40,2024-12-17 23:03:40,0.018297195434570312
5,2024-12-17 23:03:40,2024-12-17 23:03:40,0.020058870315551758
5,2024-12-17 23:03:40,2024-12-17 23:03:40,0.021978139877319336
5,2024-12-17 23:03:40,2024-12-17 23:03:40,0.029448986053466797
5,2024-12-17 23:03:40,2024-12-17 23:03:40,0.025763988494873047
5,2024-12-17 23:03:40,2024-12-17 23:03:40,0.032607078552246094
5,2024-12-17 23:03:40,2024-12-17 23:03:40,0.03553199768066406
5,2024-12-17 23:03:40,2024-12-17 23:03:40,0.027938127517700195
5,2024-12-17 23:03:40,2024-12-17 23:03:40,0.023952960968017578
5,2024-12-17 23:03:40,2024-12-17 23:03:40,0.034117937088012695
5,2024-12-17 23:03:40,2024-12-17 23:03:40,0.030941009521484375
5,2024-12-17 23:03:41,2024-12-17 23:03:41,0.018417835235595703
5,2024-12-17 23:03:41,2024-12-17 23:03:41,0.020687103271484375
5,2024-12-17 23:03:41,2024-12-17 23:03:41,0.022877931594848633
5,2024-12-17 23:03:41,2024-12-17 23:03:41,0.024973154067993164
5,2024-12-17 23:03:41,2024-12-17 23:03:41,0.029139995574951172
5,2024-12-17 23:03:41,2024-12-17 23:03:41,0.03274178504943848
5,2024-12-17 23:03:41,2024-12-17 23:03:41,0.03914999961853027
5,2024-12-17 23:03:41,2024-12-17 23:03:41,0.03612112998962402
5,2024-12-17 23:03:41,2024-12-17 23:03:41,0.0344698429107666
5,2024-12-17 23:03:41,2024-12-17 23:03:41,0.03766202926635742
5,2024-12-17 23:03:41,2024-12-17 23:03:41,0.027373075485229492
5,2024-12-17 23:03:41,2024-12-17 23:03:41,0.031022071838378906
5,2024-12-17 23:03:42,2024-12-17 23:03:42,0.009130001068115234
5,2024-12-17 23:03:42,2024-12-17 23:03:42,0.017372846603393555
5,2024-12-17 23:03:42,2024-12-17 23:03:42,0.01927495002746582
5,2024-12-17 23:03:42,2024-12-17 23:03:42,0.021065950393676758
5,2024-12-17 23:03:42,2024-12-17 23:03:42,0.031809091567993164
5,2024-12-17 23:03:42,2024-12-17 23:03:42,0.024721860885620117
5,2024-12-17 23:03:42,2024-12-17 23:03:42,0.028789997100830078
5,2024-12-17 23:03:42,2024-12-17 23:03:42,0.03481006622314453
5,2024-12-17 23:03:42,2024-12-17 23:03:42,0.03032398223876953
5,2024-12-17 23:03:42,2024-12-17 23:03:42,0.0230410099029541
5,2024-12-17 23:03:42,2024-12-17 23:03:42,0.026988983154296875
5,2024-12-17 23:03:42,2024-12-17 23:03:42,0.033392906188964844
5,2024-12-17 23:03:43,2024-12-17 23:03:43,0.004338979721069336
5,2024-12-17 23:03:43,2024-12-17 23:03:43,0.007543087005615234
5,2024-12-17 23:03:43,2024-12-17 23:03:43,0.014507055282592773
5,2024-12-17 23:03:43,2024-12-17 23:03:43,0.017511844635009766
5,2024-12-17 23:03:43,2024-12-17 23:03:43,0.02115607261657715
5,2024-12-17 23:03:43,2024-12-17 23:03:43,0.0248260498046875
5,2024-12-17 23:03:43,2024-12-17 23:03:43,0.02838921546936035
5,2024-12-17 23:03:43,2024-12-17 23:03:43,0.03135490417480469
5,2024-12-17 23:03:43,2024-12-17 23:03:43,0.02676105499267578
5,2024-12-17 23:03:43,2024-12-17 23:03:43,0.023083925247192383
5,2024-12-17 23:03:43,2024-12-17 23:03:43,0.01923394203186035
5,2024-12-17 23:03:43,2024-12-17 23:03:43,0.029891014099121094
5,2024-12-17 23:03:44,2024-12-17 23:03:44,0.007238864898681641
5,2024-12-17 23:03:44,2024-12-17 23:03:44,0.014458894729614258
5,2024-12-17 23:03:44,2024-12-17 23:03:44,0.02008199691772461
5,2024-12-17 23:03:44,2024-12-17 23:03:44,0.022057056427001953
5,2024-12-17 23:03:44,2024-12-17 23:03:44,0.03302717208862305
5,2024-12-17 23:03:44,2024-12-17 23:03:44,0.030021190643310547
5,2024-12-17 23:03:44,2024-12-17 23:03:44,0.025831937789916992
5,2024-12-17 23:03:44,2024-12-17 23:03:44,0.036051034927368164
5,2024-12-17 23:03:44,2024-12-17 23:03:44,0.028275012969970703
5,2024-12-17 23:03:44,2024-12-17 23:03:44,0.03448009490966797
5,2024-12-17 23:03:44,2024-12-17 23:03:44,0.02398991584777832
5,2024-12-17 23:03:44,2024-12-17 23:03:44,0.031517982482910156
5,2024-12-17 23:03:45,2024-12-17 23:03:45,0.00683903694152832
5,2024-12-17 23:03:45,2024-12-17 23:03:45,0.01811504364013672
5,2024-12-17 23:03:45,2024-12-17 23:03:45,0.020257949829101562
5,2024-12-17 23:03:45,2024-12-17 23:03:45,0.02252483367919922
5,2024-12-17 23:03:45,2024-12-17 23:03:45,0.026317119598388672
5,2024-12-17 23:03:45,2024-12-17 23:03:45,0.030192136764526367
5,2024-12-17 23:03:45,2024-12-17 23:03:45,0.03660893440246582
5,2024-12-17 23:03:45,2024-12-17 23:03:45,0.033468008041381836
5,2024-12-17 23:03:45,2024-12-17 23:03:45,0.03188896179199219
5,2024-12-17 23:03:45,2024-12-17 23:03:45,0.02439713478088379
5,2024-12-17 23:03:45,2024-12-17 23:03:45,0.03516387939453125
5,2024-12-17 23:03:45,2024-12-17 23:03:45,0.028219938278198242
5,2024-12-17 23:03:46,2024-12-17 23:03:46,0.006234169006347656
5,2024-12-17 23:03:46,2024-12-17 23:03:46,0.013043880462646484
5,2024-12-17 23:03:46,2024-12-17 23:03:46,0.018918991088867188
5,2024-12-17 23:03:46,2024-12-17 23:03:46,0.016697168350219727
5,2024-12-17 23:03:46,2024-12-17 23:03:46,0.026919841766357422
5,2024-12-17 23:03:46,2024-12-17 23:03:46,0.023234128952026367
5,2024-12-17 23:03:46,2024-12-17 23:03:46,0.030575037002563477
5,2024-12-17 23:03:46,2024-12-17 23:03:46,0.03383803367614746
5,2024-12-17 23:03:46,2024-12-17 23:03:46,0.028887033462524414
5,2024-12-17 23:03:46,2024-12-17 23:03:46,0.02119898796081543
5,2024-12-17 23:03:46,2024-12-17 23:03:46,0.03229117393493652
5,2024-12-17 23:03:46,2024-12-17 23:03:46,0.025164127349853516
5,2024-12-17 23:03:47,2024-12-17 23:03:47,0.007324934005737305
5,2024-12-17 23:03:47,2024-12-17 23:03:47,0.010014057159423828
5,2024-12-17 23:03:47,2024-12-17 23:03:47,0.019170045852661133
5,2024-12-17 23:03:47,2024-12-17 23:03:47,0.021178007125854492
5,2024-12-17 23:03:47,2024-12-17 23:03:47,0.024930953979492188
5,2024-12-17 23:03:47,2024-12-17 23:03:47,0.03186678886413574
5,2024-12-17 23:03:47,2024-12-17 23:03:47,0.02839493751525879
5,2024-12-17 23:03:47,2024-12-17 23:03:47,0.034802913665771484
5,2024-12-17 23:03:47,2024-12-17 23:03:47,0.022974014282226562
5,2024-12-17 23:03:47,2024-12-17 23:03:47,0.026681184768676758
5,2024-12-17 23:03:47,2024-12-17 23:03:47,0.030158042907714844
5,2024-12-17 23:03:47,2024-12-17 23:03:47,0.033383846282958984
5,2024-12-17 23:03:48,2024-12-17 23:03:48,0.015038013458251953
5,2024-12-17 23:03:48,2024-12-17 23:03:48,0.01866912841796875
5,2024-12-17 23:03:48,2024-12-17 23:03:48,0.0207979679107666
5,2024-12-17 23:03:48,2024-12-17 23:03:48,0.022522926330566406
5,2024-12-17 23:03:48,2024-12-17 23:03:48,0.03562808036804199
5,2024-12-17 23:03:48,2024-12-17 23:03:48,0.03270411491394043
5,2024-12-17 23:03:48,2024-12-17 23:03:48,0.025953054428100586
5,2024-12-17 23:03:48,2024-12-17 23:03:48,0.029567956924438477
5,2024-12-17 23:03:48,2024-12-17 23:03:48,0.027870893478393555
5,2024-12-17 23:03:48,2024-12-17 23:03:48,0.024286985397338867
5,2024-12-17 23:03:48,2024-12-17 23:03:48,0.03126096725463867
5,2024-12-17 23:03:48,2024-12-17 23:03:48,0.03421807289123535
5,2024-12-17 23:03:49,2024-12-17 23:03:49,0.013074874877929688
5,2024-12-17 23:03:49,2024-12-17 23:03:49,0.014872074127197266
5,2024-12-17 23:03:49,2024-12-17 23:03:49,0.017252206802368164
5,2024-12-17 23:03:49,2024-12-17 23:03:49,0.020061969757080078
5,2024-12-17 23:03:49,2024-12-17 23:03:49,0.027400970458984375
5,2024-12-17 23:03:49,2024-12-17 23:03:49,0.03411412239074707
5,2024-12-17 23:03:49,2024-12-17 23:03:49,0.023717164993286133
5,2024-12-17 23:03:49,2024-12-17 23:03:49,0.0308530330657959
5,2024-12-17 23:03:49,2024-12-17 23:03:49,0.02192521095275879
5,2024-12-17 23:03:49,2024-12-17 23:03:49,0.029106855392456055
5,2024-12-17 23:03:49,2024-12-17 23:03:49,0.025470972061157227
5,2024-12-17 23:03:49,2024-12-17 23:03:49,0.0325319766998291
5,2024-12-17 23:03:50,2024-12-17 23:03:50,0.009328126907348633
5,2024-12-17 23:03:50,2024-12-17 23:03:50,0.014167070388793945
5,2024-12-17 23:03:50,2024-12-17 23:03:50,0.015610218048095703
5,2024-12-17 23:03:50,2024-12-17 23:03:50,0.017119884490966797
5,2024-12-17 23:03:50,2024-12-17 23:03:50,0.025515079498291016
5,2024-12-17 23:03:50,2024-12-17 23:03:50,0.02801799774169922
5,2024-12-17 23:03:50,2024-12-17 23:03:50,0.020066022872924805
5,2024-12-17 23:03:50,2024-12-17 23:03:50,0.02281022071838379
5,2024-12-17 23:03:50,2024-12-17 23:03:50,0.02136087417602539
5,2024-12-17 23:03:50,2024-12-17 23:03:50,0.02678084373474121
5,2024-12-17 23:03:50,2024-12-17 23:03:50,0.024148941040039062
5,2024-12-17 23:03:50,2024-12-17 23:03:50,0.01870584487915039
5,2024-12-17 23:03:51,2024-12-17 23:03:51,0.006042957305908203
5,2024-12-17 23:03:51,2024-12-17 23:03:51,0.017419099807739258
5,2024-12-17 23:03:51,2024-12-17 23:03:51,0.01966691017150879
5,2024-12-17 23:03:51,2024-12-17 23:03:51,0.02157902717590332
5,2024-12-17 23:03:51,2024-12-17 23:03:51,0.03530287742614746
5,2024-12-17 23:03:51,2024-12-17 23:03:51,0.025321006774902344
5,2024-12-17 23:03:51,2024-12-17 23:03:51,0.032418012619018555
5,2024-12-17 23:03:51,2024-12-17 23:03:51,0.028834104537963867
5,2024-12-17 23:03:51,2024-12-17 23:03:51,0.027112960815429688
5,2024-12-17 23:03:51,2024-12-17 23:03:51,0.030720949172973633
5,2024-12-17 23:03:51,2024-12-17 23:03:51,0.03386116027832031
5,2024-12-17 23:03:51,2024-12-17 23:03:51,0.02349400520324707
5,2024-12-17 23:03:52,2024-12-17 23:03:52,0.0019750595092773438
5,2024-12-17 23:03:52,2024-12-17 23:03:52,0.0036280155181884766
5,2024-12-17 23:03:52,2024-12-17 23:03:52,0.005647182464599609
5,2024-12-17 23:03:52,2024-12-17 23:03:52,0.007480144500732422
5,2024-12-17 23:03:52,2024-12-17 23:03:52,0.0205838680267334
5,2024-12-17 23:03:52,2024-12-17 23:03:52,0.010864019393920898
5,2024-12-17 23:03:52,2024-12-17 23:03:52,0.015822172164916992
5,2024-12-17 23:03:52,2024-12-17 23:03:52,0.018384933471679688
5,2024-12-17 23:03:52,2024-12-17 23:03:52,0.00921010971069336
5,2024-12-17 23:03:52,2024-12-17 23:03:52,0.014699935913085938
5,2024-12-17 23:03:52,2024-12-17 23:03:52,0.017220020294189453
5,2024-12-17 23:03:52,2024-12-17 23:03:52,0.01951909065246582
5,2024-12-17 23:03:53,2024-12-17 23:03:53,0.018548965454101562
5,2024-12-17 23:03:53,2024-12-17 23:03:53,0.020709991455078125
5,2024-12-17 23:03:53,2024-12-17 23:03:53,0.025046110153198242
5,2024-12-17 23:03:53,2024-12-17 23:03:53,0.022935152053833008
5,2024-12-17 23:03:53,2024-12-17 23:03:53,0.028748035430908203
5,2024-12-17 23:03:53,2024-12-17 23:03:53,0.0322108268737793
5,2024-12-17 23:03:53,2024-12-17 23:03:53,0.03876805305480957
5,2024-12-17 23:03:53,2024-12-17 23:03:53,0.035674095153808594
5,2024-12-17 23:03:53,2024-12-17 23:03:53,0.03042006492614746
5,2024-12-17 23:03:53,2024-12-17 23:03:53,0.026797056198120117
5,2024-12-17 23:03:53,2024-12-17 23:03:53,0.03733706474304199
5,2024-12-17 23:03:53,2024-12-17 23:03:53,0.033952951431274414
5,2024-12-17 23:03:54,2024-12-17 23:03:54,0.01792001724243164
5,2024-12-17 23:03:54,2024-12-17 23:03:54,0.020020008087158203
5,2024-12-17 23:03:54,2024-12-17 23:03:54,0.022262096405029297
5,2024-12-17 23:03:54,2024-12-17 23:03:54,0.02466607093811035
5,2024-12-17 23:03:54,2024-12-17 23:03:54,0.032263994216918945
5,2024-12-17 23:03:54,2024-12-17 23:03:54,0.039144039154052734
5,2024-12-17 23:03:54,2024-12-17 23:03:54,0.028630971908569336
5,2024-12-17 23:03:54,2024-12-17 23:03:54,0.036058902740478516
5,2024-12-17 23:03:54,2024-12-17 23:03:54,0.03765392303466797
5,2024-12-17 23:03:54,2024-12-17 23:03:54,0.026527881622314453
5,2024-12-17 23:03:54,2024-12-17 23:03:54,0.030459880828857422
5,2024-12-17 23:03:54,2024-12-17 23:03:54,0.034056901931762695
5,2024-12-17 23:03:55,2024-12-17 23:03:55,0.014667034149169922
5,2024-12-17 23:03:55,2024-12-17 23:03:55,0.020666122436523438
5,2024-12-17 23:03:55,2024-12-17 23:03:55,0.022912025451660156
5,2024-12-17 23:03:55,2024-12-17 23:03:55,0.0250089168548584
0,2024-12-17 23:03:55,2024-12-17 23:03:55,0.026897907257080078
0,2024-12-17 23:03:55,2024-12-17 23:03:55,0.030462026596069336
0,2024-12-17 23:03:55,2024-12-17 23:03:55,0.03707289695739746
0,2024-12-17 23:03:55,2024-12-17 23:03:55,0.03393197059631348
0,2024-12-17 23:03:56,2024-12-17 23:03:56,0.0071811676025390625
0,2024-12-17 23:03:56,2024-12-17 23:03:56,0.011007070541381836
0,2024-12-17 23:03:56,2024-12-17 23:03:56,0.014184951782226562
0,2024-12-17 23:03:56,2024-12-17 23:03:56,0.017924070358276367
0,2024-12-17 23:03:56,2024-12-17 23:03:56,0.022390127182006836
0,2024-12-17 23:03:56,2024-12-17 23:03:56,0.026949167251586914
0,2024-12-17 23:03:56,2024-12-17 23:03:56,0.024658918380737305
0,2024-12-17 23:03:56,2024-12-17 23:03:56,0.02034902572631836
0,2024-12-17 23:03:57,2024-12-17 23:03:57,0.004224061965942383
0,2024-12-17 23:03:57,2024-12-17 23:03:57,0.011649131774902344
0,2024-12-17 23:03:57,2024-12-17 23:03:57,0.012969970703125
0,2024-12-17 23:03:57,2024-12-17 23:03:57,0.014246940612792969
0,2024-12-17 23:03:57,2024-12-17 23:03:57,0.020509958267211914
0,2024-12-17 23:03:57,2024-12-17 23:03:57,0.016794919967651367
0,2024-12-17 23:03:57,2024-12-17 23:03:57,0.015538930892944336
0,2024-12-17 23:03:57,2024-12-17 23:03:57,0.018289804458618164
0,2024-12-17 23:03:58,2024-12-17 23:03:58,0.009063005447387695
0,2024-12-17 23:03:58,2024-12-17 23:03:58,0.011456012725830078
0,2024-12-17 23:03:58,2024-12-17 23:03:58,0.013597965240478516
0,2024-12-17 23:03:58,2024-12-17 23:03:58,0.014868021011352539
0,2024-12-17 23:03:58,2024-12-17 23:03:58,0.0176088809967041
0,2024-12-17 23:03:58,2024-12-17 23:03:58,0.02047896385192871
0,2024-12-17 23:03:58,2024-12-17 23:03:58,0.016325950622558594
0,2024-12-17 23:03:58,2024-12-17 23:03:58,0.019121885299682617
0,2024-12-17 23:03:59,2024-12-17 23:03:59,0.008692026138305664
0,2024-12-17 23:03:59,2024-12-17 23:03:59,0.0143890380859375
0,2024-12-17 23:03:59,2024-12-17 23:03:59,0.017364978790283203
0,2024-12-17 23:03:59,2024-12-17 23:03:59,0.019565105438232422
0,2024-12-17 23:03:59,2024-12-17 23:03:59,0.02368307113647461
0,2024-12-17 23:03:59,2024-12-17 23:03:59,0.027264118194580078
0,2024-12-17 23:03:59,2024-12-17 23:03:59,0.025393962860107422
0,2024-12-17 23:03:59,2024-12-17 23:03:59,0.02167797088623047
0,2024-12-17 23:04:00,2024-12-17 23:04:00,0.005544900894165039
0,2024-12-17 23:04:00,2024-12-17 23:04:00,0.00972890853881836
0,2024-12-17 23:04:00,2024-12-17 23:04:00,0.014712095260620117
0,2024-12-17 23:04:00,2024-12-17 23:04:00,0.01622295379638672
0,2024-12-17 23:04:00,2024-12-17 23:04:00,0.020541906356811523
0,2024-12-17 23:04:00,2024-12-17 23:04:00,0.025126934051513672
0,2024-12-17 23:04:00,2024-12-17 23:04:00,0.02319788932800293
0,2024-12-17 23:04:00,2024-12-17 23:04:00,0.018447160720825195
0,2024-12-17 23:04:01,2024-12-17 23:04:01,0.007408857345581055
0,2024-12-17 23:04:01,2024-12-17 23:04:01,0.0103302001953125
0,2024-12-17 23:04:01,2024-12-17 23:04:01,0.01686716079711914
0,2024-12-17 23:04:01,2024-12-17 23:04:01,0.019842147827148438
0,2024-12-17 23:04:01,2024-12-17 23:04:01,0.027657032012939453
0,2024-12-17 23:04:01,2024-12-17 23:04:01,0.024188995361328125
0,2024-12-17 23:04:01,2024-12-17 23:04:01,0.021975040435791016
0,2024-12-17 23:04:01,2024-12-17 23:04:01,0.025938987731933594
0,2024-12-17 23:04:02,2024-12-17 23:04:02,0.014725208282470703
0,2024-12-17 23:04:02,2024-12-17 23:04:02,0.0169069766998291
0,2024-12-17 23:04:02,2024-12-17 23:04:02,0.019249916076660156
0,2024-12-17 23:04:02,2024-12-17 23:04:02,0.021398067474365234
0,2024-12-17 23:04:02,2024-12-17 23:04:02,0.02873396873474121
0,2024-12-17 23:04:02,2024-12-17 23:04:02,0.02527904510498047
0,2024-12-17 23:04:02,2024-12-17 23:04:02,0.027053117752075195
0,2024-12-17 23:04:02,2024-12-17 23:04:02,0.0234220027923584
0,2024-12-17 23:04:03,2024-12-17 23:04:03,0.014609813690185547
0,2024-12-17 23:04:03,2024-12-17 23:04:03,0.016844987869262695
0,2024-12-17 23:04:03,2024-12-17 23:04:03,0.01904582977294922
0,2024-12-17 23:04:03,2024-12-17 23:04:03,0.02130889892578125
0,2024-12-17 23:04:03,2024-12-17 23:04:03,0.025343894958496094
0,2024-12-17 23:04:03,2024-12-17 23:04:03,0.02883601188659668
0,2024-12-17 23:04:03,2024-12-17 23:04:03,0.027137041091918945
0,2024-12-17 23:04:03,2024-12-17 23:04:03,0.023435115814208984
0,2024-12-17 23:04:04,2024-12-17 23:04:04,0.006201028823852539
0,2024-12-17 23:04:04,2024-12-17 23:04:04,0.014426946640014648
0,2024-12-17 23:04:04,2024-12-17 23:04:04,0.01658797264099121
0,2024-12-17 23:04:04,2024-12-17 23:04:04,0.018754005432128906
0,2024-12-17 23:04:04,2024-12-17 23:04:04,0.02285480499267578
0,2024-12-17 23:04:04,2024-12-17 23:04:04,0.026345014572143555
0,2024-12-17 23:04:04,2024-12-17 23:04:04,0.02468085289001465
0,2024-12-17 23:04:04,2024-12-17 23:04:04,0.021013975143432617
0,2024-12-17 23:04:05,2024-12-17 23:04:05,0.015034914016723633
0,2024-12-17 23:04:05,2024-12-17 23:04:05,0.01738119125366211
0,2024-12-17 23:04:05,2024-12-17 23:04:05,0.0195620059967041
0,2024-12-17 23:04:05,2024-12-17 23:04:05,0.021863937377929688
0,2024-12-17 23:04:05,2024-12-17 23:04:05,0.025957107543945312
0,2024-12-17 23:04:05,2024-12-17 23:04:05,0.029465198516845703
0,2024-12-17 23:04:05,2024-12-17 23:04:05,0.027640104293823242
0,2024-12-17 23:04:05,2024-12-17 23:04:05,0.023953914642333984
0,2024-12-17 23:04:06,2024-12-17 23:04:06,0.014396905899047852
0,2024-12-17 23:04:06,2024-12-17 23:04:06,0.018297195434570312
0,2024-12-17 23:04:06,2024-12-17 23:04:06,0.020450115203857422
0,2024-12-17 23:04:06,2024-12-17 23:04:06,0.02265000343322754
0,2024-12-17 23:04:06,2024-12-17 23:04:06,0.02653789520263672
0,2024-12-17 23:04:06,2024-12-17 23:04:06,0.02997899055480957
0,2024-12-17 23:04:06,2024-12-17 23:04:06,0.02474188804626465
0,2024-12-17 23:04:06,2024-12-17 23:04:06,0.028300046920776367
0,2024-12-17 23:04:07,2024-12-17 23:04:07,0.014175891876220703
0,2024-12-17 23:04:07,2024-12-17 23:04:07,0.017049074172973633
0,2024-12-17 23:04:07,2024-12-17 23:04:07,0.019994020462036133
0,2024-12-17 23:04:07,2024-12-17 23:04:07,0.022114038467407227
0,2024-12-17 23:04:07,2024-12-17 23:04:07,0.0256500244140625
0,2024-12-17 23:04:07,2024-12-17 23:04:07,0.029000043869018555
0,2024-12-17 23:04:07,2024-12-17 23:04:07,0.027315855026245117
0,2024-12-17 23:04:07,2024-12-17 23:04:07,0.02382802963256836
0,2024-12-17 23:04:08,2024-12-17 23:04:08,0.014080047607421875
0,2024-12-17 23:04:08,2024-12-17 23:04:08,0.01782083511352539
0,2024-12-17 23:04:08,2024-12-17 23:04:08,0.019950151443481445
0,2024-12-17 23:04:08,2024-12-17 23:04:08,0.02222299575805664
0,2024-12-17 23:04:08,2024-12-17 23:04:08,0.02926802635192871
0,2024-12-17 23:04:08,2024-12-17 23:04:08,0.02580881118774414
0,2024-12-17 23:04:08,2024-12-17 23:04:08,0.027484893798828125
0,2024-12-17 23:04:08,2024-12-17 23:04:08,0.024074077606201172
0,2024-12-17 23:04:09,2024-12-17 23:04:09,0.014597177505493164
0,2024-12-17 23:04:09,2024-12-17 23:04:09,0.017673015594482422
0,2024-12-17 23:04:09,2024-12-17 23:04:09,0.019855022430419922
0,2024-12-17 23:04:09,2024-12-17 23:04:09,0.02202010154724121
0,2024-12-17 23:04:09,2024-12-17 23:04:09,0.02570486068725586
0,2024-12-17 23:04:09,2024-12-17 23:04:09,0.029161930084228516
0,2024-12-17 23:04:09,2024-12-17 23:04:09,0.023909807205200195
0,2024-12-17 23:04:09,2024-12-17 23:04:09,0.02742290496826172
0,2024-12-17 23:04:10,2024-12-17 23:04:10,0.0073070526123046875
0,2024-12-17 23:04:10,2024-12-17 23:04:10,0.01421809196472168
0,2024-12-17 23:04:10,2024-12-17 23:04:10,0.01654982566833496
0,2024-12-17 23:04:10,2024-12-17 23:04:10,0.018731117248535156
0,2024-12-17 23:04:10,2024-12-17 23:04:10,0.0226590633392334
0,2024-12-17 23:04:10,2024-12-17 23:04:10,0.02605891227722168
0,2024-12-17 23:04:10,2024-12-17 23:04:10,0.024341106414794922
0,2024-12-17 23:04:10,2024-12-17 23:04:10,0.020794153213500977
0,2024-12-17 23:04:11,2024-12-17 23:04:11,0.009502887725830078
0,2024-12-17 23:04:11,2024-12-17 23:04:11,0.01479196548461914
0,2024-12-17 23:04:11,2024-12-17 23:04:11,0.017271041870117188
0,2024-12-17 23:04:11,2024-12-17 23:04:11,0.01878190040588379
0,2024-12-17 23:04:11,2024-12-17 23:04:11,0.021877050399780273
0,2024-12-17 23:04:11,2024-12-17 23:04:11,0.024964094161987305
0,2024-12-17 23:04:11,2024-12-17 23:04:11,0.020325183868408203
0,2024-12-17 23:04:11,2024-12-17 23:04:11,0.02350902557373047
0,2024-12-17 23:04:12,2024-12-17 23:04:12,0.008188962936401367
0,2024-12-17 23:04:12,2024-12-17 23:04:12,0.014177083969116211
0,2024-12-17 23:04:12,2024-12-17 23:04:12,0.01860499382019043
0,2024-12-17 23:04:12,2024-12-17 23:04:12,0.016458988189697266
0,2024-12-17 23:04:12,2024-12-17 23:04:12,0.026089906692504883
0,2024-12-17 23:04:12,2024-12-17 23:04:12,0.022619962692260742
0,2024-12-17 23:04:12,2024-12-17 23:04:12,0.020728111267089844
0,2024-12-17 23:04:12,2024-12-17 23:04:12,0.02437615394592285
0,2024-12-17 23:04:13,2024-12-17 23:04:13,0.006042003631591797
0,2024-12-17 23:04:13,2024-12-17 23:04:13,0.013763189315795898
0,2024-12-17 23:04:13,2024-12-17 23:04:13,0.015930891036987305
0,2024-12-17 23:04:13,2024-12-17 23:04:13,0.01812887191772461
0,2024-12-17 23:04:13,2024-12-17 23:04:13,0.022589921951293945
0,2024-12-17 23:04:13,2024-12-17 23:04:13,0.026031017303466797
0,2024-12-17 23:04:13,2024-12-17 23:04:13,0.02429795265197754
0,2024-12-17 23:04:13,2024-12-17 23:04:13,0.020280122756958008
0,2024-12-17 23:04:14,2024-12-17 23:04:14,0.01285099983215332
0,2024-12-17 23:04:14,2024-12-17 23:04:14,0.01505899429321289
0,2024-12-17 23:04:14,2024-12-17 23:04:14,0.017188072204589844
0,2024-12-17 23:04:14,2024-12-17 23:04:14,0.019484996795654297
0,2024-12-17 23:04:14,2024-12-17 23:04:14,0.026980161666870117
0,2024-12-17 23:04:14,2024-12-17 23:04:14,0.023478984832763672
0,2024-12-17 23:04:14,2024-12-17 23:04:14,0.021594762802124023
0,2024-12-17 23:04:14,2024-12-17 23:04:14,0.025259971618652344
0,2024-12-17 23:04:15,2024-12-17 23:04:15,0.014966964721679688
0,2024-12-17 23:04:15,2024-12-17 23:04:15,0.0179898738861084
0,2024-12-17 23:04:15,2024-12-17 23:04:15,0.020205974578857422
0,2024-12-17 23:04:15,2024-12-17 23:04:15,0.022513866424560547
0,2024-12-17 23:04:15,2024-12-17 23:04:15,0.026252031326293945
0,2024-12-17 23:04:15,2024-12-17 23:04:15,0.02971196174621582
0,2024-12-17 23:04:15,2024-12-17 23:04:15,0.024548053741455078
0,2024-12-17 23:04:15,2024-12-17 23:04:15,0.028039932250976562
0,2024-12-17 23:04:16,2024-12-17 23:04:16,0.014661788940429688
0,2024-12-17 23:04:16,2024-12-17 23:04:16,0.017580032348632812
0,2024-12-17 23:04:16,2024-12-17 23:04:16,0.019687891006469727
0,2024-12-17 23:04:16,2024-12-17 23:04:16,0.0218198299407959
0,2024-12-17 23:04:16,2024-12-17 23:04:16,0.025660991668701172
0,2024-12-17 23:04:16,2024-12-17 23:04:16,0.029104232788085938
0,2024-12-17 23:04:16,2024-12-17 23:04:16,0.02734208106994629
0,2024-12-17 23:04:16,2024-12-17 23:04:16,0.02385401725769043
0,2024-12-17 23:04:17,2024-12-17 23:04:17,0.006617069244384766
0,2024-12-17 23:04:17,2024-12-17 23:04:17,0.009036064147949219
0,2024-12-17 23:04:17,2024-12-17 23:04:17,0.011508941650390625
0,2024-12-17 23:04:17,2024-12-17 23:04:17,0.013772964477539062
0,2024-12-17 23:04:17,2024-12-17 23:04:17,0.017838001251220703
0,2024-12-17 23:04:17,2024-12-17 23:04:17,0.021932125091552734
0,2024-12-17 23:04:17,2024-12-17 23:04:17,0.01584315299987793
0,2024-12-17 23:04:17,2024-12-17 23:04:17,0.019906997680664062
0,2024-12-17 23:04:18,2024-12-17 23:04:18,0.0156400203704834
0,2024-12-17 23:04:18,2024-12-17 23:04:18,0.017827987670898438
0,2024-12-17 23:04:18,2024-12-17 23:04:18,0.020222902297973633
0,2024-12-17 23:04:18,2024-12-17 23:04:18,0.0222930908203125
0,2024-12-17 23:04:18,2024-12-17 23:04:18,0.026269912719726562
0,2024-12-17 23:04:18,2024-12-17 23:04:18,0.02973008155822754
0,2024-12-17 23:04:18,2024-12-17 23:04:18,0.02444911003112793
0,2024-12-17 23:04:18,2024-12-17 23:04:18,0.027952194213867188
0,2024-12-17 23:04:19,2024-12-17 23:04:19,0.003484010696411133
0,2024-12-17 23:04:19,2024-12-17 23:04:19,0.005259037017822266
0,2024-12-17 23:04:19,2024-12-17 23:04:19,0.006651878356933594
0,2024-12-17 23:04:19,2024-12-17 23:04:19,0.008841991424560547
0,2024-12-17 23:04:19,2024-12-17 23:04:19,0.010707855224609375
0,2024-12-17 23:04:19,2024-12-17 23:04:19,0.012922048568725586
0,2024-12-17 23:04:19,2024-12-17 23:04:19,0.00974893569946289
0,2024-12-17 23:04:19,2024-12-17 23:04:19,0.01194906234741211
0,2024-12-17 23:04:20,2024-12-17 23:04:20,0.018004894256591797
0,2024-12-17 23:04:20,2024-12-17 23:04:20,0.015812158584594727
0,2024-12-17 23:04:20,2024-12-17 23:04:20,0.02018904685974121
0,2024-12-17 23:04:20,2024-12-17 23:04:20,0.0222930908203125
0,2024-12-17 23:04:20,2024-12-17 23:04:20,0.026359081268310547
0,2024-12-17 23:04:20,2024-12-17 23:04:20,0.029796123504638672
0,2024-12-17 23:04:20,2024-12-17 23:04:20,0.024509906768798828
0,2024-12-17 23:04:20,2024-12-17 23:04:20,0.02809906005859375
0,2024-12-17 23:04:21,2024-12-17 23:04:21,0.0059468746185302734
0,2024-12-17 23:04:21,2024-12-17 23:04:21,0.012109041213989258
0,2024-12-17 23:04:21,2024-12-17 23:04:21,0.014081001281738281
0,2024-12-17 23:04:21,2024-12-17 23:04:21,0.01581597328186035
0,2024-12-17 23:04:21,2024-12-17 23:04:21,0.019816875457763672
0,2024-12-17 23:04:21,2024-12-17 23:04:21,0.023322105407714844
0,2024-12-17 23:04:21,2024-12-17 23:04:21,0.017802000045776367
0,2024-12-17 23:04:21,2024-12-17 23:04:21,0.021562814712524414
0,2024-12-17 23:04:22,2024-12-17 23:04:22,0.013036966323852539
0,2024-12-17 23:04:22,2024-12-17 23:04:22,0.014197111129760742
0,2024-12-17 23:04:22,2024-12-17 23:04:22,0.01497793197631836
0,2024-12-17 23:04:22,2024-12-17 23:04:22,0.015750885009765625
0,2024-12-17 23:04:22,2024-12-17 23:04:22,0.01723790168762207
0,2024-12-17 23:04:22,2024-12-17 23:04:22,0.018787145614624023
0,2024-12-17 23:04:22,2024-12-17 23:04:22,0.017993927001953125
0,2024-12-17 23:04:22,2024-12-17 23:04:22,0.016501903533935547
0,2024-12-17 23:04:23,2024-12-17 23:04:23,0.010571002960205078
0,2024-12-17 23:04:23,2024-12-17 23:04:23,0.012820959091186523
0,2024-12-17 23:04:23,2024-12-17 23:04:23,0.015105009078979492
0,2024-12-17 23:04:23,2024-12-17 23:04:23,0.017201900482177734
0,2024-12-17 23:04:23,2024-12-17 23:04:23,0.0211031436920166
0,2024-12-17 23:04:23,2024-12-17 23:04:23,0.024704933166503906
0,2024-12-17 23:04:23,2024-12-17 23:04:23,0.019361019134521484
0,2024-12-17 23:04:23,2024-12-17 23:04:23,0.023012161254882812
0,2024-12-17 23:04:24,2024-12-17 23:04:24,0.010445117950439453
0,2024-12-17 23:04:24,2024-12-17 23:04:24,0.01684713363647461
0,2024-12-17 23:04:24,2024-12-17 23:04:24,0.01913595199584961
0,2024-12-17 23:04:24,2024-12-17 23:04:24,0.021297931671142578
0,2024-12-17 23:04:24,2024-12-17 23:04:24,0.025041818618774414
0,2024-12-17 23:04:24,2024-12-17 23:04:24,0.028441190719604492
0,2024-12-17 23:04:24,2024-12-17 23:04:24,0.02673792839050293
0,2024-12-17 23:04:24,2024-12-17 23:04:24,0.023194074630737305
0,2024-12-17 23:04:25,2024-12-17 23:04:25,0.013424158096313477
0,2024-12-17 23:04:25,2024-12-17 23:04:25,0.015920162200927734
0,2024-12-17 23:04:25,2024-12-17 23:04:25,0.0180511474609375
0,2024-12-17 23:04:25,2024-12-17 23:04:25,0.020273923873901367
0,2024-12-17 23:04:25,2024-12-17 23:04:25,0.024487972259521484
0,2024-12-17 23:04:25,2024-12-17 23:04:25,0.028088092803955078
0,2024-12-17 23:04:25,2024-12-17 23:04:25,0.026285171508789062
0,2024-12-17 23:04:25,2024-12-17 23:04:25,0.02237701416015625
0,2024-12-17 23:04:26,2024-12-17 23:04:26,0.007409811019897461
0,2024-12-17 23:04:26,2024-12-17 23:04:26,0.010380029678344727
0,2024-12-17 23:04:26,2024-12-17 23:04:26,0.013814926147460938
0,2024-12-17 23:04:26,2024-12-17 23:04:26,0.01777791976928711
0,2024-12-17 23:04:26,2024-12-17 23:04:26,0.023614883422851562
0,2024-12-17 23:04:26,2024-12-17 23:04:26,0.027806997299194336
0,2024-12-17 23:04:26,2024-12-17 23:04:26,0.025371789932250977
0,2024-12-17 23:04:26,2024-12-17 23:04:26,0.01987004280090332
0,2024-12-17 23:04:27,2024-12-17 23:04:27,0.005764007568359375
0,2024-12-17 23:04:27,2024-12-17 23:04:27,0.009317874908447266
0,2024-12-17 23:04:27,2024-12-17 23:04:27,0.012254953384399414
0,2024-12-17 23:04:27,2024-12-17 23:04:27,0.015202999114990234
0,2024-12-17 23:04:27,2024-12-17 23:04:27,0.020955801010131836
0,2024-12-17 23:04:27,2024-12-17 23:04:27,0.025866985321044922
0,2024-12-17 23:04:27,2024-12-17 23:04:27,0.018243074417114258
0,2024-12-17 23:04:27,2024-12-17 23:04:27,0.02339792251586914
0,2024-12-17 23:04:28,2024-12-17 23:04:28,0.016395092010498047
0,2024-12-17 23:04:28,2024-12-17 23:04:28,0.01914191246032715
0,2024-12-17 23:04:28,2024-12-17 23:04:28,0.021453142166137695
0,2024-12-17 23:04:28,2024-12-17 23:04:28,0.023582935333251953
0,2024-12-17 23:04:28,2024-12-17 23:04:28,0.027421951293945312
0,2024-12-17 23:04:28,2024-12-17 23:04:28,0.03089618682861328
0,2024-12-17 23:04:28,2024-12-17 23:04:28,0.0291440486907959
0,2024-12-17 23:04:28,2024-12-17 23:04:28,0.025606870651245117
0,2024-12-17 23:04:29,2024-12-17 23:04:29,0.013989925384521484
0,2024-12-17 23:04:29,2024-12-17 23:04:29,0.01768803596496582
0,2024-12-17 23:04:29,2024-12-17 23:04:29,0.01980280876159668
0,2024-12-17 23:04:29,2024-12-17 23:04:29,0.02180004119873047
0,2024-12-17 23:04:29,2024-12-17 23:04:29,0.02532196044921875
0,2024-12-17 23:04:29,2024-12-17 23:04:29,0.028835058212280273
0,2024-12-17 23:04:29,2024-12-17 23:04:29,0.023506879806518555
0,2024-12-17 23:04:29,2024-12-17 23:04:29,0.027012109756469727
0,2024-12-17 23:04:30,2024-12-17 23:04:30,0.016910076141357422
0,2024-12-17 23:04:30,2024-12-17 23:04:30,0.01909494400024414
0,2024-12-17 23:04:30,2024-12-17 23:04:30,0.021249055862426758
0,2024-12-17 23:04:30,2024-12-17 23:04:30,0.023419857025146484
0,2024-12-17 23:04:30,2024-12-17 23:04:30,0.031188011169433594
0,2024-12-17 23:04:30,2024-12-17 23:04:30,0.027730941772460938
0,2024-12-17 23:04:30,2024-12-17 23:04:30,0.025539159774780273
0,2024-12-17 23:04:30,2024-12-17 23:04:30,0.029449939727783203
0,2024-12-17 23:04:31,2024-12-17 23:04:31,0.014806985855102539
0,2024-12-17 23:04:31,2024-12-17 23:04:31,0.017797231674194336
0,2024-12-17 23:04:31,2024-12-17 23:04:31,0.019932985305786133
0,2024-12-17 23:04:31,2024-12-17 23:04:31,0.02190685272216797
0,2024-12-17 23:04:31,2024-12-17 23:04:31,0.025335073471069336
0,2024-12-17 23:04:31,2024-12-17 23:04:31,0.02920389175415039
0,2024-12-17 23:04:31,2024-12-17 23:04:31,0.023647069931030273
0,2024-12-17 23:04:31,2024-12-17 23:04:31,0.027034997940063477
0,2024-12-17 23:04:32,2024-12-17 23:04:32,0.014142036437988281
0,2024-12-17 23:04:32,2024-12-17 23:04:32,0.0179290771484375
0,2024-12-17 23:04:32,2024-12-17 23:04:32,0.020086050033569336
0,2024-12-17 23:04:32,2024-12-17 23:04:32,0.022117137908935547
0,2024-12-17 23:04:32,2024-12-17 23:04:32,0.025615215301513672
0,2024-12-17 23:04:32,2024-12-17 23:04:32,0.0291290283203125
0,2024-12-17 23:04:32,2024-12-17 23:04:32,0.023852109909057617
0,2024-12-17 23:04:32,2024-12-17 23:04:32,0.02731013298034668
0,2024-12-17 23:04:33,2024-12-17 23:04:33,0.013952970504760742
0,2024-12-17 23:04:33,2024-12-17 23:04:33,0.016932010650634766
0,2024-12-17 23:04:33,2024-12-17 23:04:33,0.0190579891204834
0,2024-12-17 23:04:33,2024-12-17 23:04:33,0.02181410789489746
0,2024-12-17 23:04:33,2024-12-17 23:04:33,0.025311946868896484
0,2024-12-17 23:04:33,2024-12-17 23:04:33,0.028820037841796875
0,2024-12-17 23:04:33,2024-12-17 23:04:33,0.023581981658935547
0,2024-12-17 23:04:33,2024-12-17 23:04:33,0.0270230770111084
0,2024-12-17 23:04:34,2024-12-17 23:04:34,0.00437617301940918
0,2024-12-17 23:04:34,2024-12-17 23:04:34,0.008165836334228516
0,2024-12-17 23:04:34,2024-12-17 23:04:34,0.013466119766235352
0,2024-12-17 23:04:34,2024-12-17 23:04:34,0.014965057373046875
0,2024-12-17 23:04:34,2024-12-17 23:04:34,0.018117904663085938
0,2024-12-17 23:04:34,2024-12-17 23:04:34,0.02074289321899414
0,2024-12-17 23:04:34,2024-12-17 23:04:34,0.01941704750061035
0,2024-12-17 23:04:34,2024-12-17 23:04:34,0.0167391300201416
0,2024-12-17 23:04:35,2024-12-17 23:04:35,0.016715049743652344
0,2024-12-17 23:04:35,2024-12-17 23:04:35,0.018906831741333008
0,2024-12-17 23:04:35,2024-12-17 23:04:35,0.021110057830810547
0,2024-12-17 23:04:35,2024-12-17 23:04:35,0.023468971252441406
0,2024-12-17 23:04:35,2024-12-17 23:04:35,0.027550935745239258
0,2024-12-17 23:04:35,2024-12-17 23:04:35,0.031004905700683594
0,2024-12-17 23:04:35,2024-12-17 23:04:35,0.029304027557373047
0,2024-12-17 23:04:35,2024-12-17 23:04:35,0.025610923767089844
0,2024-12-17 23:04:36,2024-12-17 23:04:36,0.007276058197021484
0,2024-12-17 23:04:36,2024-12-17 23:04:36,0.014287948608398438
0,2024-12-17 23:04:36,2024-12-17 23:04:36,0.01649308204650879
0,2024-12-17 23:04:36,2024-12-17 23:04:36,0.0189969539642334
0,2024-12-17 23:04:36,2024-12-17 23:04:36,0.023272037506103516
0,2024-12-17 23:04:36,2024-12-17 23:04:36,0.02675604820251465
0,2024-12-17 23:04:36,2024-12-17 23:04:36,0.025050878524780273
0,2024-12-17 23:04:36,2024-12-17 23:04:36,0.02112102508544922
0,2024-12-17 23:04:37,2024-12-17 23:04:37,0.017838001251220703
0,2024-12-17 23:04:37,2024-12-17 23:04:37,0.02803778648376465
0,2024-12-17 23:04:37,2024-12-17 23:04:37,0.03737902641296387
0,2024-12-17 23:04:37,2024-12-17 23:04:37,0.03925204277038574
0,2024-12-17 23:04:37,2024-12-17 23:04:37,0.05053377151489258
0,2024-12-17 23:04:37,2024-12-17 23:04:37,0.042984962463378906
0,2024-12-17 23:04:37,2024-12-17 23:04:37,0.04072713851928711
0,2024-12-17 23:04:37,2024-12-17 23:04:37,0.049285888671875
0,2024-12-17 23:04:38,2024-12-17 23:04:38,0.013988018035888672
0,2024-12-17 23:04:38,2024-12-17 23:04:38,0.01778101921081543
0,2024-12-17 23:04:38,2024-12-17 23:04:38,0.021915912628173828
0,2024-12-17 23:04:38,2024-12-17 23:04:38,0.019919872283935547
0,2024-12-17 23:04:38,2024-12-17 23:04:38,0.029067039489746094
0,2024-12-17 23:04:38,2024-12-17 23:04:38,0.025445938110351562
0,2024-12-17 23:04:38,2024-12-17 23:04:38,0.02712702751159668
0,2024-12-17 23:04:38,2024-12-17 23:04:38,0.023673057556152344
0,2024-12-17 23:04:39,2024-12-17 23:04:39,0.019696950912475586
0,2024-12-17 23:04:39,2024-12-17 23:04:39,0.01749706268310547
0,2024-12-17 23:04:39,2024-12-17 23:04:39,0.024207115173339844
0,2024-12-17 23:04:39,2024-12-17 23:04:39,0.022021770477294922
0,2024-12-17 23:04:39,2024-12-17 23:04:39,0.031706809997558594
0,2024-12-17 23:04:39,2024-12-17 23:04:39,0.028239011764526367
0,2024-12-17 23:04:39,2024-12-17 23:04:39,0.026311874389648438
0,2024-12-17 23:04:39,2024-12-17 23:04:39,0.029977083206176758
0,2024-12-17 23:04:40,2024-12-17 23:04:40,0.013509988784790039
0,2024-12-17 23:04:40,2024-12-17 23:04:40,0.01578998565673828
0,2024-12-17 23:04:40,2024-12-17 23:04:40,0.017976045608520508
0,2024-12-17 23:04:40,2024-12-17 23:04:40,0.020141124725341797
0,2024-12-17 23:04:40,2024-12-17 23:04:40,0.024325132369995117
0,2024-12-17 23:04:40,2024-12-17 23:04:40,0.027946949005126953
0,2024-12-17 23:04:40,2024-12-17 23:04:40,0.026124954223632812
0,2024-12-17 23:04:40,2024-12-17 23:04:40,0.02242898941040039
0,2024-12-17 23:04:41,2024-12-17 23:04:41,0.01665520668029785
0,2024-12-17 23:04:41,2024-12-17 23:04:41,0.01879096031188965
0,2024-12-17 23:04:41,2024-12-17 23:04:41,0.02104806900024414
0,2024-12-17 23:04:41,2024-12-17 23:04:41,0.02318096160888672
0,2024-12-17 23:04:41,2024-12-17 23:04:41,0.026813983917236328
0,2024-12-17 23:04:41,2024-12-17 23:04:41,0.029135942459106445
0,2024-12-17 23:04:41,2024-12-17 23:04:41,0.025339841842651367
0,2024-12-17 23:04:41,2024-12-17 23:04:41,0.028014183044433594
0,2024-12-17 23:04:42,2024-12-17 23:04:42,0.014081954956054688
0,2024-12-17 23:04:42,2024-12-17 23:04:42,0.016209840774536133
0,2024-12-17 23:04:42,2024-12-17 23:04:42,0.018448829650878906
0,2024-12-17 23:04:42,2024-12-17 23:04:42,0.020644187927246094
0,2024-12-17 23:04:42,2024-12-17 23:04:42,0.024506092071533203
0,2024-12-17 23:04:42,2024-12-17 23:04:42,0.0280609130859375
0,2024-12-17 23:04:42,2024-12-17 23:04:42,0.02272510528564453
0,2024-12-17 23:04:42,2024-12-17 23:04:42,0.02631402015686035
0,2024-12-17 23:04:43,2024-12-17 23:04:43,0.011723041534423828
0,2024-12-17 23:04:43,2024-12-17 23:04:43,0.01386117935180664
0,2024-12-17 23:04:43,2024-12-17 23:04:43,0.01601099967956543
0,2024-12-17 23:04:43,2024-12-17 23:04:43,0.01819586753845215
0,2024-12-17 23:04:43,2024-12-17 23:04:43,0.02565288543701172
0,2024-12-17 23:04:43,2024-12-17 23:04:43,0.02218914031982422
0,2024-12-17 23:04:43,2024-12-17 23:04:43,0.020412921905517578
0,2024-12-17 23:04:43,2024-12-17 23:04:43,0.023904085159301758
0,2024-12-17 23:04:44,2024-12-17 23:04:44,0.0062830448150634766
0,2024-12-17 23:04:44,2024-12-17 23:04:44,0.008714914321899414
0,2024-12-17 23:04:44,2024-12-17 23:04:44,0.011168956756591797
0,2024-12-17 23:04:44,2024-12-17 23:04:44,0.013756990432739258
0,2024-12-17 23:04:44,2024-12-17 23:04:44,0.018597126007080078
0,2024-12-17 23:04:44,2024-12-17 23:04:44,0.022149085998535156
0,2024-12-17 23:04:44,2024-12-17 23:04:44,0.016496896743774414
0,2024-12-17 23:04:44,2024-12-17 23:04:44,0.020644187927246094
0,2024-12-17 23:04:45,2024-12-17 23:04:45,0.009150028228759766
0,2024-12-17 23:04:45,2024-12-17 23:04:45,0.01375889778137207
0,2024-12-17 23:04:45,2024-12-17 23:04:45,0.01681685447692871
0,2024-12-17 23:04:45,2024-12-17 23:04:45,0.018983840942382812
0,2024-12-17 23:04:45,2024-12-17 23:04:45,0.02259087562561035
0,2024-12-17 23:04:45,2024-12-17 23:04:45,0.02603912353515625
0,2024-12-17 23:04:45,2024-12-17 23:04:45,0.020771026611328125
0,2024-12-17 23:04:45,2024-12-17 23:04:45,0.024348974227905273
0,2024-12-17 23:04:46,2024-12-17 23:04:46,0.005450010299682617
0,2024-12-17 23:04:46,2024-12-17 23:04:46,0.006911039352416992
0,2024-12-17 23:04:46,2024-12-17 23:04:46,0.008336782455444336
0,2024-12-17 23:04:46,2024-12-17 23:04:46,0.009846925735473633
0,2024-12-17 23:04:46,2024-12-17 23:04:46,0.012997150421142578
0,2024-12-17 23:04:46,2024-12-17 23:04:46,0.015230894088745117
0,2024-12-17 23:04:46,2024-12-17 23:04:46,0.011226177215576172
0,2024-12-17 23:04:46,2024-12-17 23:04:46,0.01399087905883789
0,2024-12-17 23:04:47,2024-12-17 23:04:47,0.012698888778686523
0,2024-12-17 23:04:47,2024-12-17 23:04:47,0.014886856079101562
0,2024-12-17 23:04:47,2024-12-17 23:04:47,0.01794600486755371
0,2024-12-17 23:04:47,2024-12-17 23:04:47,0.020038843154907227
0,2024-12-17 23:04:47,2024-12-17 23:04:47,0.023673057556152344
0,2024-12-17 23:04:47,2024-12-17 23:04:47,0.027122020721435547
0,2024-12-17 23:04:47,2024-12-17 23:04:47,0.025445938110351562
0,2024-12-17 23:04:47,2024-12-17 23:04:47,0.02197885513305664
0,2024-12-17 23:04:48,2024-12-17 23:04:48,0.010383129119873047
0,2024-12-17 23:04:48,2024-12-17 23:04:48,0.013563871383666992
0,2024-12-17 23:04:48,2024-12-17 23:04:48,0.015438079833984375
0,2024-12-17 23:04:48,2024-12-17 23:04:48,0.017584800720214844
0,2024-12-17 23:04:48,2024-12-17 23:04:48,0.02125382423400879
0,2024-12-17 23:04:48,2024-12-17 23:04:48,0.024541854858398438
0,2024-12-17 23:04:48,2024-12-17 23:04:48,0.019504070281982422
0,2024-12-17 23:04:48,2024-12-17 23:04:48,0.02278614044189453
0,2024-12-17 23:04:49,2024-12-17 23:04:49,0.015164852142333984
0,2024-12-17 23:04:49,2024-12-17 23:04:49,0.020314931869506836
0,2024-12-17 23:04:49,2024-12-17 23:04:49,0.02341604232788086
0,2024-12-17 23:04:49,2024-12-17 23:04:49,0.025578975677490234
0,2024-12-17 23:04:49,2024-12-17 23:04:49,0.03286099433898926
0,2024-12-17 23:04:49,2024-12-17 23:04:49,0.029469966888427734
0,2024-12-17 23:04:49,2024-12-17 23:04:49,0.031158924102783203
0,2024-12-17 23:04:49,2024-12-17 23:04:49,0.027693986892700195
0,2024-12-17 23:04:50,2024-12-17 23:04:50,0.01399087905883789
0,2024-12-17 23:04:50,2024-12-17 23:04:50,0.016952037811279297
0,2024-12-17 23:04:50,2024-12-17 23:04:50,0.01912403106689453
0,2024-12-17 23:04:50,2024-12-17 23:04:50,0.021389007568359375
0,2024-12-17 23:04:50,2024-12-17 23:04:50,0.02518296241760254
0,2024-12-17 23:04:50,2024-12-17 23:04:50,0.02872014045715332
0,2024-12-17 23:04:50,2024-12-17 23:04:50,0.027023792266845703
0,2024-12-17 23:04:50,2024-12-17 23:04:50,0.02344799041748047
0,2024-12-17 23:04:51,2024-12-17 23:04:51,0.01785898208618164
0,2024-12-17 23:04:51,2024-12-17 23:04:51,0.020048856735229492
0,2024-12-17 23:04:51,2024-12-17 23:04:51,0.022318124771118164
0,2024-12-17 23:04:51,2024-12-17 23:04:51,0.024430036544799805
0,2024-12-17 23:04:51,2024-12-17 23:04:51,0.03219413757324219
0,2024-12-17 23:04:51,2024-12-17 23:04:51,0.028748035430908203
0,2024-12-17 23:04:51,2024-12-17 23:04:51,0.03044605255126953
0,2024-12-17 23:04:51,2024-12-17 23:04:51,0.0265810489654541
0,2024-12-17 23:04:52,2024-12-17 23:04:52,0.015157938003540039
0,2024-12-17 23:04:52,2024-12-17 23:04:52,0.02024388313293457
0,2024-12-17 23:04:52,2024-12-17 23:04:52,0.022687911987304688
0,2024-12-17 23:04:52,2024-12-17 23:04:52,0.024825096130371094
0,2024-12-17 23:04:52,2024-12-17 23:04:52,0.02900099754333496
0,2024-12-17 23:04:52,2024-12-17 23:04:52,0.03239297866821289
0,2024-12-17 23:04:52,2024-12-17 23:04:52,0.026969194412231445
0,2024-12-17 23:04:52,2024-12-17 23:04:52,0.030675888061523438
0,2024-12-17 23:04:53,2024-12-17 23:04:53,0.008188009262084961
0,2024-12-17 23:04:53,2024-12-17 23:04:53,0.013875007629394531
0,2024-12-17 23:04:53,2024-12-17 23:04:53,0.016898155212402344
0,2024-12-17 23:04:53,2024-12-17 23:04:53,0.01908397674560547
0,2024-12-17 23:04:53,2024-12-17 23:04:53,0.023099899291992188
0,2024-12-17 23:04:53,2024-12-17 23:04:53,0.02651190757751465
0,2024-12-17 23:04:53,2024-12-17 23:04:53,0.02120804786682129
0,2024-12-17 23:04:53,2024-12-17 23:04:53,0.024797916412353516
0,2024-12-17 23:04:54,2024-12-17 23:04:54,0.005975008010864258
0,2024-12-17 23:04:54,2024-12-17 23:04:54,0.014173030853271484
0,2024-12-17 23:04:54,2024-12-17 23:04:54,0.017101049423217773
0,2024-12-17 23:04:54,2024-12-17 23:04:54,0.019321203231811523
0,2024-12-17 23:04:54,2024-12-17 23:04:54,0.027055025100708008
0,2024-12-17 23:04:54,2024-12-17 23:04:54,0.02361297607421875
0,2024-12-17 23:04:54,2024-12-17 23:04:54,0.025352954864501953
0,2024-12-17 23:04:54,2024-12-17 23:04:54,0.021663904190063477
0,2024-12-17 23:04:55,2024-12-17 23:04:55,0.01253819465637207
0,2024-12-17 23:04:55,2024-12-17 23:04:55,0.014678955078125
0,2024-12-17 23:04:55,2024-12-17 23:04:55,0.016978979110717773
0,2024-12-17 23:04:55,2024-12-17 23:04:55,0.019134998321533203
0,2024-12-17 23:04:55,2024-12-17 23:04:55,0.02627396583557129
0,2024-12-17 23:04:55,2024-12-17 23:04:55,0.022883176803588867
0,2024-12-17 23:04:55,2024-12-17 23:04:55,0.024589061737060547
0,2024-12-17 23:04:55,2024-12-17 23:04:55,0.021107912063598633
0,2024-12-17 23:04:56,2024-12-17 23:04:56,0.014470815658569336
0,2024-12-17 23:04:56,2024-12-17 23:04:56,0.017489910125732422
0,2024-12-17 23:04:56,2024-12-17 23:04:56,0.019670963287353516
0,2024-12-17 23:04:56,2024-12-17 23:04:56,0.022099971771240234
0,2024-12-17 23:04:56,2024-12-17 23:04:56,0.029434919357299805
0,2024-12-17 23:04:56,2024-12-17 23:04:56,0.025894880294799805
0,2024-12-17 23:04:56,2024-12-17 23:04:56,0.024100065231323242
0,2024-12-17 23:04:56,2024-12-17 23:04:56,0.027723073959350586
0,2024-12-17 23:04:57,2024-12-17 23:04:57,0.015141963958740234
0,2024-12-17 23:04:57,2024-12-17 23:04:57,0.017419099807739258
0,2024-12-17 23:04:57,2024-12-17 23:04:57,0.019613981246948242
0,2024-12-17 23:04:57,2024-12-17 23:04:57,0.02190685272216797
0,2024-12-17 23:04:57,2024-12-17 23:04:57,0.025433063507080078
0,2024-12-17 23:04:57,2024-12-17 23:04:57,0.029036998748779297
0,2024-12-17 23:04:57,2024-12-17 23:04:57,0.023720979690551758
0,2024-12-17 23:04:57,2024-12-17 23:04:57,0.02733016014099121
0,2024-12-17 23:04:58,2024-12-17 23:04:58,0.01470804214477539
0,2024-12-17 23:04:58,2024-12-17 23:04:58,0.01689291000366211
0,2024-12-17 23:04:58,2024-12-17 23:04:58,0.01900005340576172
0,2024-12-17 23:04:58,2024-12-17 23:04:58,0.021198034286499023
0,2024-12-17 23:04:58,2024-12-17 23:04:58,0.028980016708374023
0,2024-12-17 23:04:58,2024-12-17 23:04:58,0.025402069091796875
0,2024-12-17 23:04:58,2024-12-17 23:04:58,0.023360013961791992
0,2024-12-17 23:04:58,2024-12-17 23:04:58,0.027235984802246094
0,2024-12-17 23:04:59,2024-12-17 23:04:59,0.02026200294494629
0,2024-12-17 23:04:59,2024-12-17 23:04:59,0.018014907836914062
0,2024-12-17 23:04:59,2024-12-17 23:04:59,0.022530078887939453
0,2024-12-17 23:04:59,2024-12-17 23:04:59,0.024775028228759766
0,2024-12-17 23:04:59,2024-12-17 23:04:59,0.02886819839477539
0,2024-12-17 23:04:59,2024-12-17 23:04:59,0.03249406814575195
0,2024-12-17 23:04:59,2024-12-17 23:04:59,0.030730009078979492
0,2024-12-17 23:04:59,2024-12-17 23:04:59,0.02696084976196289
0,2024-12-17 23:05:00,2024-12-17 23:05:00,0.005805015563964844
0,2024-12-17 23:05:00,2024-12-17 23:05:00,0.013236045837402344
0,2024-12-17 23:05:00,2024-12-17 23:05:00,0.016128063201904297
0,2024-12-17 23:05:00,2024-12-17 23:05:00,0.01830291748046875
0,2024-12-17 23:05:00,2024-12-17 23:05:00,0.022256135940551758
0,2024-12-17 23:05:00,2024-12-17 23:05:00,0.025689125061035156
0,2024-12-17 23:05:00,2024-12-17 23:05:00,0.020492076873779297
0,2024-12-17 23:05:00,2024-12-17 23:05:00,0.023984193801879883
0,2024-12-17 23:05:01,2024-12-17 23:05:01,0.01452016830444336
0,2024-12-17 23:05:01,2024-12-17 23:05:01,0.016730070114135742
0,2024-12-17 23:05:01,2024-12-17 23:05:01,0.018954038619995117
0,2024-12-17 23:05:01,2024-12-17 23:05:01,0.021099090576171875
0,2024-12-17 23:05:01,2024-12-17 23:05:01,0.025065898895263672
0,2024-12-17 23:05:01,2024-12-17 23:05:01,0.02860283851623535
0,2024-12-17 23:05:01,2024-12-17 23:05:01,0.023235082626342773
0,2024-12-17 23:05:01,2024-12-17 23:05:01,0.026807069778442383
0,2024-12-17 23:05:02,2024-12-17 23:05:02,0.007615089416503906
0,2024-12-17 23:05:02,2024-12-17 23:05:02,0.014628171920776367
0,2024-12-17 23:05:02,2024-12-17 23:05:02,0.019279003143310547
0,2024-12-17 23:05:02,2024-12-17 23:05:02,0.021345138549804688
0,2024-12-17 23:05:02,2024-12-17 23:05:02,0.025842905044555664
0,2024-12-17 23:05:02,2024-12-17 23:05:02,0.02939295768737793
0,2024-12-17 23:05:02,2024-12-17 23:05:02,0.027556180953979492
0,2024-12-17 23:05:02,2024-12-17 23:05:02,0.02366495132446289
0,2024-12-17 23:05:03,2024-12-17 23:05:03,0.012307882308959961
0,2024-12-17 23:05:03,2024-12-17 23:05:03,0.014499187469482422
0,2024-12-17 23:05:03,2024-12-17 23:05:03,0.016839981079101562
0,2024-12-17 23:05:03,2024-12-17 23:05:03,0.019003868103027344
0,2024-12-17 23:05:03,2024-12-17 23:05:03,0.026487112045288086
0,2024-12-17 23:05:03,2024-12-17 23:05:03,0.023010969161987305
0,2024-12-17 23:05:03,2024-12-17 23:05:03,0.021165132522583008
0,2024-12-17 23:05:03,2024-12-17 23:05:03,0.024756908416748047
0,2024-12-17 23:05:04,2024-12-17 23:05:04,0.010841131210327148
0,2024-12-17 23:05:04,2024-12-17 23:05:04,0.016366004943847656
0,2024-12-17 23:05:04,2024-12-17 23:05:04,0.01846599578857422
0,2024-12-17 23:05:04,2024-12-17 23:05:04,0.020573854446411133
0,2024-12-17 23:05:04,2024-12-17 23:05:04,0.024186134338378906
0,2024-12-17 23:05:04,2024-12-17 23:05:04,0.027664899826049805
0,2024-12-17 23:05:04,2024-12-17 23:05:04,0.02597188949584961
0,2024-12-17 23:05:04,2024-12-17 23:05:04,0.022479772567749023
0,2024-12-17 23:05:05,2024-12-17 23:05:05,0.01583695411682129
0,2024-12-17 23:05:05,2024-12-17 23:05:05,0.018004894256591797
0,2024-12-17 23:05:05,2024-12-17 23:05:05,0.020255088806152344
0,2024-12-17 23:05:05,2024-12-17 23:05:05,0.022322893142700195
0,2024-12-17 23:05:05,2024-12-17 23:05:05,0.026707887649536133
0,2024-12-17 23:05:05,2024-12-17 23:05:05,0.03019118309020996
0,2024-12-17 23:05:05,2024-12-17 23:05:05,0.024617910385131836
0,2024-12-17 23:05:05,2024-12-17 23:05:05,0.02841019630432129
0,2024-12-17 23:05:06,2024-12-17 23:05:06,0.013478994369506836
0,2024-12-17 23:05:06,2024-12-17 23:05:06,0.01567697525024414
0,2024-12-17 23:05:06,2024-12-17 23:05:06,0.018041133880615234
0,2024-12-17 23:05:06,2024-12-17 23:05:06,0.02017521858215332
0,2024-12-17 23:05:06,2024-12-17 23:05:06,0.02402782440185547
0,2024-12-17 23:05:06,2024-12-17 23:05:06,0.027578115463256836
0,2024-12-17 23:05:06,2024-12-17 23:05:06,0.02589702606201172
0,2024-12-17 23:05:06,2024-12-17 23:05:06,0.022218942642211914
0,2024-12-17 23:05:07,2024-12-17 23:05:07,0.010328054428100586
0,2024-12-17 23:05:07,2024-12-17 23:05:07,0.012858867645263672
0,2024-12-17 23:05:07,2024-12-17 23:05:07,0.015906095504760742
0,2024-12-17 23:05:07,2024-12-17 23:05:07,0.018915176391601562
0,2024-12-17 23:05:07,2024-12-17 23:05:07,0.026474952697753906
0,2024-12-17 23:05:07,2024-12-17 23:05:07,0.0228579044342041
0,2024-12-17 23:05:07,2024-12-17 23:05:07,0.021069049835205078
0,2024-12-17 23:05:07,2024-12-17 23:05:07,0.024763822555541992
0,2024-12-17 23:05:08,2024-12-17 23:05:08,0.008484125137329102
0,2024-12-17 23:05:08,2024-12-17 23:05:08,0.014687061309814453
0,2024-12-17 23:05:08,2024-12-17 23:05:08,0.016994953155517578
0,2024-12-17 23:05:08,2024-12-17 23:05:08,0.019085168838500977
0,2024-12-17 23:05:08,2024-12-17 23:05:08,0.022671937942504883
0,2024-12-17 23:05:08,2024-12-17 23:05:08,0.026106834411621094
0,2024-12-17 23:05:08,2024-12-17 23:05:08,0.024378061294555664
0,2024-12-17 23:05:08,2024-12-17 23:05:08,0.02081584930419922
0,2024-12-17 23:05:09,2024-12-17 23:05:09,0.014426946640014648
0,2024-12-17 23:05:09,2024-12-17 23:05:09,0.01747298240661621
0,2024-12-17 23:05:09,2024-12-17 23:05:09,0.019639968872070312
0,2024-12-17 23:05:09,2024-12-17 23:05:09,0.02170109748840332
0,2024-12-17 23:05:09,2024-12-17 23:05:09,0.028752803802490234
0,2024-12-17 23:05:09,2024-12-17 23:05:09,0.02342987060546875
0,2024-12-17 23:05:09,2024-12-17 23:05:09,0.02517390251159668
0,2024-12-17 23:05:09,2024-12-17 23:05:09,0.026879072189331055
0,2024-12-17 23:05:10,2024-12-17 23:05:10,0.014127016067504883
0,2024-12-17 23:05:10,2024-12-17 23:05:10,0.01629495620727539
0,2024-12-17 23:05:10,2024-12-17 23:05:10,0.018585205078125
0,2024-12-17 23:05:10,2024-12-17 23:05:10,0.020693063735961914
0,2024-12-17 23:05:10,2024-12-17 23:05:10,0.024708032608032227
0,2024-12-17 23:05:10,2024-12-17 23:05:10,0.028137922286987305
0,2024-12-17 23:05:10,2024-12-17 23:05:10,0.026432037353515625
0,2024-12-17 23:05:10,2024-12-17 23:05:10,0.022769927978515625
0,2024-12-17 23:05:11,2024-12-17 23:05:11,0.0094451904296875
0,2024-12-17 23:05:11,2024-12-17 23:05:11,0.01755690574645996
0,2024-12-17 23:05:11,2024-12-17 23:05:11,0.0205690860748291
0,2024-12-17 23:05:11,2024-12-17 23:05:11,0.02274799346923828
0,2024-12-17 23:05:11,2024-12-17 23:05:11,0.026697874069213867
0,2024-12-17 23:05:11,2024-12-17 23:05:11,0.030195951461791992
0,2024-12-17 23:05:11,2024-12-17 23:05:11,0.024936914443969727
0,2024-12-17 23:05:11,2024-12-17 23:05:11,0.02838301658630371
0,2024-12-17 23:05:12,2024-12-17 23:05:12,0.01776409149169922
0,2024-12-17 23:05:12,2024-12-17 23:05:12,0.019947052001953125
0,2024-12-17 23:05:12,2024-12-17 23:05:12,0.022370100021362305
0,2024-12-17 23:05:12,2024-12-17 23:05:12,0.02460002899169922
0,2024-12-17 23:05:12,2024-12-17 23:05:12,0.03213787078857422
0,2024-12-17 23:05:12,2024-12-17 23:05:12,0.028712987899780273
0,2024-12-17 23:05:12,2024-12-17 23:05:12,0.026758909225463867
0,2024-12-17 23:05:12,2024-12-17 23:05:12,0.030376911163330078
0,2024-12-17 23:05:13,2024-12-17 23:05:13,0.005669832229614258
0,2024-12-17 23:05:13,2024-12-17 23:05:13,0.007742881774902344
0,2024-12-17 23:05:13,2024-12-17 23:05:13,0.01217198371887207
0,2024-12-17 23:05:13,2024-12-17 23:05:13,0.013466835021972656
0,2024-12-17 23:05:13,2024-12-17 23:05:13,0.018709897994995117
0,2024-12-17 23:05:13,2024-12-17 23:05:13,0.01602315902709961
0,2024-12-17 23:05:13,2024-12-17 23:05:13,0.017325162887573242
0,2024-12-17 23:05:13,2024-12-17 23:05:13,0.01474618911743164
0,2024-12-17 23:05:14,2024-12-17 23:05:14,0.014282941818237305
0,2024-12-17 23:05:14,2024-12-17 23:05:14,0.01725602149963379
0,2024-12-17 23:05:14,2024-12-17 23:05:14,0.019388914108276367
0,2024-12-17 23:05:14,2024-12-17 23:05:14,0.021649837493896484
0,2024-12-17 23:05:14,2024-12-17 23:05:14,0.0254058837890625
0,2024-12-17 23:05:14,2024-12-17 23:05:14,0.029078960418701172
0,2024-12-17 23:05:14,2024-12-17 23:05:14,0.027338027954101562
0,2024-12-17 23:05:14,2024-12-17 23:05:14,0.023704051971435547
0,2024-12-17 23:05:15,2024-12-17 23:05:15,0.0023429393768310547
0,2024-12-17 23:05:15,2024-12-17 23:05:15,0.0051729679107666016
0,2024-12-17 23:05:15,2024-12-17 23:05:15,0.0073931217193603516
0,2024-12-17 23:05:15,2024-12-17 23:05:15,0.00834798812866211
0,2024-12-17 23:05:15,2024-12-17 23:05:15,0.012144804000854492
0,2024-12-17 23:05:15,2024-12-17 23:05:15,0.010324954986572266
0,2024-12-17 23:05:15,2024-12-17 23:05:15,0.011243104934692383
0,2024-12-17 23:05:15,2024-12-17 23:05:15,0.009306192398071289
0,2024-12-17 23:05:16,2024-12-17 23:05:16,0.012824058532714844
0,2024-12-17 23:05:16,2024-12-17 23:05:16,0.014925003051757812
0,2024-12-17 23:05:16,2024-12-17 23:05:16,0.017093896865844727
0,2024-12-17 23:05:16,2024-12-17 23:05:16,0.0191800594329834
0,2024-12-17 23:05:16,2024-12-17 23:05:16,0.023144960403442383
0,2024-12-17 23:05:16,2024-12-17 23:05:16,0.026565074920654297
0,2024-12-17 23:05:16,2024-12-17 23:05:16,0.02126598358154297
0,2024-12-17 23:05:16,2024-12-17 23:05:16,0.024884939193725586
0,2024-12-17 23:05:17,2024-12-17 23:05:17,0.01539301872253418
0,2024-12-17 23:05:17,2024-12-17 23:05:17,0.017771005630493164
0,2024-12-17 23:05:17,2024-12-17 23:05:17,0.020127058029174805
0,2024-12-17 23:05:17,2024-12-17 23:05:17,0.021975040435791016
0,2024-12-17 23:05:18,2024-12-17 23:05:18,0.013386011123657227
0,2024-12-17 23:05:18,2024-12-17 23:05:18,0.016291141510009766
0,2024-12-17 23:05:18,2024-12-17 23:05:18,0.01843094825744629
0,2024-12-17 23:05:18,2024-12-17 23:05:18,0.020617961883544922
0,2024-12-17 23:05:19,2024-12-17 23:05:19,0.013875961303710938
0,2024-12-17 23:05:19,2024-12-17 23:05:19,0.01660013198852539
0,2024-12-17 23:05:19,2024-12-17 23:05:19,0.01886582374572754
0,2024-12-17 23:05:19,2024-12-17 23:05:19,0.020993947982788086
0,2024-12-17 23:05:20,2024-12-17 23:05:20,0.012083053588867188
0,2024-12-17 23:05:20,2024-12-17 23:05:20,0.014415979385375977
0,2024-12-17 23:05:20,2024-12-17 23:05:20,0.0166170597076416
0,2024-12-17 23:05:20,2024-12-17 23:05:20,0.01891303062438965
0,2024-12-17 23:05:21,2024-12-17 23:05:21,0.014747858047485352
0,2024-12-17 23:05:21,2024-12-17 23:05:21,0.021772146224975586
0,2024-12-17 23:05:21,2024-12-17 23:05:21,0.019422054290771484
0,2024-12-17 23:05:21,2024-12-17 23:05:21,0.017229080200195312
0,2024-12-17 23:05:22,2024-12-17 23:05:22,0.014430999755859375
0,2024-12-17 23:05:22,2024-12-17 23:05:22,0.017306804656982422
0,2024-12-17 23:05:22,2024-12-17 23:05:22,0.019715070724487305
0,2024-12-17 23:05:22,2024-12-17 23:05:22,0.022177934646606445
0,2024-12-17 23:05:23,2024-12-17 23:05:23,0.0063059329986572266
0,2024-12-17 23:05:23,2024-12-17 23:05:23,0.011816024780273438
0,2024-12-17 23:05:23,2024-12-17 23:05:23,0.01617884635925293
0,2024-12-17 23:05:23,2024-12-17 23:05:23,0.014095067977905273
0,2024-12-17 23:05:24,2024-12-17 23:05:24,0.01355600357055664
0,2024-12-17 23:05:24,2024-12-17 23:05:24,0.01624917984008789
0,2024-12-17 23:05:24,2024-12-17 23:05:24,0.0184938907623291
0,2024-12-17 23:05:24,2024-12-17 23:05:24,0.02080988883972168
0,2024-12-17 23:05:17,2024-12-17 23:05:17,0.02564716339111328
0,2024-12-17 23:05:17,2024-12-17 23:05:17,0.02936387062072754
0,2024-12-17 23:05:17,2024-12-17 23:05:17,0.02751302719116211
0,2024-12-17 23:05:25,2024-12-17 23:05:25,0.006117820739746094
0,2024-12-17 23:05:25,2024-12-17 23:05:25,0.012139081954956055
0,2024-12-17 23:05:25,2024-12-17 23:05:25,0.016459941864013672
0,2024-12-17 23:05:25,2024-12-17 23:05:25,0.014355897903442383
0,2024-12-17 23:05:17,2024-12-17 23:05:17,0.023797035217285156
0,2024-12-17 23:05:25,2024-12-17 23:05:25,0.02109217643737793
0,2024-12-17 23:05:25,2024-12-17 23:05:25,0.019006013870239258
0,2024-12-17 23:05:26,2024-12-17 23:05:26,0.014074087142944336
0,2024-12-17 23:05:26,2024-12-17 23:05:26,0.018417835235595703
0,2024-12-17 23:05:26,2024-12-17 23:05:26,0.01624608039855957
0,2024-12-17 23:05:26,2024-12-17 23:05:26,0.020923852920532227
0,2024-12-17 23:05:26,2024-12-17 23:05:26,0.025228023529052734
0,2024-12-17 23:05:26,2024-12-17 23:05:26,0.029047012329101562
0,2024-12-17 23:05:26,2024-12-17 23:05:26,0.027325868606567383
0,2024-12-17 23:05:26,2024-12-17 23:05:26,0.023311138153076172
0,2024-12-17 23:05:27,2024-12-17 23:05:27,0.014056921005249023
0,2024-12-17 23:05:27,2024-12-17 23:05:27,0.016319990158081055
0,2024-12-17 23:05:27,2024-12-17 23:05:27,0.019340991973876953
0,2024-12-17 23:05:27,2024-12-17 23:05:27,0.021497011184692383
0,2024-12-17 23:05:27,2024-12-17 23:05:27,0.025439977645874023
0,2024-12-17 23:05:27,2024-12-17 23:05:27,0.029038190841674805
0,2024-12-17 23:05:27,2024-12-17 23:05:27,0.023640155792236328
0,2024-12-17 23:05:27,2024-12-17 23:05:27,0.02722311019897461
0,2024-12-17 23:05:28,2024-12-17 23:05:28,0.011548995971679688
0,2024-12-17 23:05:28,2024-12-17 23:05:28,0.017018795013427734
0,2024-12-17 23:05:28,2024-12-17 23:05:28,0.014755010604858398
0,2024-12-17 23:05:28,2024-12-17 23:05:28,0.019330978393554688
0,2024-12-17 23:05:28,2024-12-17 23:05:28,0.027636051177978516
0,2024-12-17 23:05:28,2024-12-17 23:05:28,0.02403712272644043
0,2024-12-17 23:05:28,2024-12-17 23:05:28,0.021578073501586914
0,2024-12-17 23:05:28,2024-12-17 23:05:28,0.025786876678466797
0,2024-12-17 23:05:29,2024-12-17 23:05:29,0.018156051635742188
0,2024-12-17 23:05:29,2024-12-17 23:05:29,0.020351886749267578
0,2024-12-17 23:05:29,2024-12-17 23:05:29,0.024837017059326172
0,2024-12-17 23:05:29,2024-12-17 23:05:29,0.022478103637695312
0,2024-12-17 23:05:29,2024-12-17 23:05:29,0.028896093368530273
0,2024-12-17 23:05:29,2024-12-17 23:05:29,0.03235197067260742
0,2024-12-17 23:05:29,2024-12-17 23:05:29,0.03060603141784668
0,2024-12-17 23:05:29,2024-12-17 23:05:29,0.026968002319335938
0,2024-12-17 23:05:30,2024-12-17 23:05:30,0.005218029022216797
0,2024-12-17 23:05:30,2024-12-17 23:05:30,0.008643150329589844
0,2024-12-17 23:05:30,2024-12-17 23:05:30,0.010221004486083984
0,2024-12-17 23:05:30,2024-12-17 23:05:30,0.011458158493041992
0,2024-12-17 23:05:30,2024-12-17 23:05:30,0.013875961303710938
0,2024-12-17 23:05:30,2024-12-17 23:05:30,0.012710809707641602
0,2024-12-17 23:05:31,2024-12-17 23:05:31,0.014753103256225586
0,2024-12-17 23:05:31,2024-12-17 23:05:31,0.02146601676940918
0,2024-12-17 23:05:31,2024-12-17 23:05:31,0.019191980361938477
0,2024-12-17 23:05:31,2024-12-17 23:05:31,0.016932010650634766
0,2024-12-17 23:05:31,2024-12-17 23:05:31,0.02518916130065918
0,2024-12-17 23:05:31,2024-12-17 23:05:31,0.028741121292114258
0,2024-12-17 23:05:31,2024-12-17 23:05:31,0.027057886123657227
0,2024-12-17 23:05:31,2024-12-17 23:05:31,0.02347707748413086
0,2024-12-17 23:05:32,2024-12-17 23:05:32,0.014019012451171875
0,2024-12-17 23:05:32,2024-12-17 23:05:32,0.01628398895263672
0,2024-12-17 23:05:32,2024-12-17 23:05:32,0.018423080444335938
0,2024-12-17 23:05:32,2024-12-17 23:05:32,0.02059483528137207
0,2024-12-17 23:05:32,2024-12-17 23:05:32,0.028200864791870117
0,2024-12-17 23:05:32,2024-12-17 23:05:32,0.024595022201538086
0,2024-12-17 23:05:32,2024-12-17 23:05:32,0.022703170776367188
0,2024-12-17 23:05:32,2024-12-17 23:05:32,0.02645707130432129
0,2024-12-17 23:05:33,2024-12-17 23:05:33,0.010799169540405273
0,2024-12-17 23:05:33,2024-12-17 23:05:33,0.013944149017333984
0,2024-12-17 23:05:33,2024-12-17 23:05:33,0.017614126205444336
0,2024-12-17 23:05:33,2024-12-17 23:05:33,0.01980280876159668
0,2024-12-17 23:05:33,2024-12-17 23:05:33,0.02359604835510254
0,2024-12-17 23:05:33,2024-12-17 23:05:33,0.027217864990234375
0,2024-12-17 23:05:34,2024-12-17 23:05:34,0.005450010299682617
0,2024-12-17 23:05:34,2024-12-17 23:05:34,0.009858131408691406
0,2024-12-17 23:05:34,2024-12-17 23:05:34,0.011461019515991211
0,2024-12-17 23:05:34,2024-12-17 23:05:34,0.012945890426635742
0,2024-12-17 23:05:33,2024-12-17 23:05:33,0.02187204360961914
0,2024-12-17 23:05:33,2024-12-17 23:05:33,0.025395870208740234
0,2024-12-17 23:05:35,2024-12-17 23:05:35,0.014970064163208008
0,2024-12-17 23:05:35,2024-12-17 23:05:35,0.01907205581665039
0,2024-12-17 23:05:35,2024-12-17 23:05:35,0.021229982376098633
0,2024-12-17 23:05:35,2024-12-17 23:05:35,0.02347397804260254
0,2024-12-17 23:05:35,2024-12-17 23:05:35,0.027637958526611328
0,2024-12-17 23:05:35,2024-12-17 23:05:35,0.03120589256286621
0,2024-12-17 23:05:35,2024-12-17 23:05:35,0.029489994049072266
0,2024-12-17 23:05:35,2024-12-17 23:05:35,0.025787830352783203
0,2024-12-17 23:05:36,2024-12-17 23:05:36,0.0053179264068603516
0,2024-12-17 23:05:36,2024-12-17 23:05:36,0.009530782699584961
0,2024-12-17 23:05:36,2024-12-17 23:05:36,0.010416984558105469
0,2024-12-17 23:05:36,2024-12-17 23:05:36,0.011282920837402344
0,2024-12-17 23:05:36,2024-12-17 23:05:36,0.013033866882324219
0,2024-12-17 23:05:36,2024-12-17 23:05:36,0.014672994613647461
0,2024-12-17 23:05:36,2024-12-17 23:05:36,0.013857126235961914
0,2024-12-17 23:05:36,2024-12-17 23:05:36,0.012172937393188477
0,2024-12-17 23:05:37,2024-12-17 23:05:37,0.019131898880004883
0,2024-12-17 23:05:37,2024-12-17 23:05:37,0.02129507064819336
0,2024-12-17 23:05:37,2024-12-17 23:05:37,0.023710966110229492
0,2024-12-17 23:05:37,2024-12-17 23:05:37,0.02578902244567871
0,2024-12-17 23:05:37,2024-12-17 23:05:37,0.02959418296813965
0,2024-12-17 23:05:37,2024-12-17 23:05:37,0.0331268310546875
0,2024-12-17 23:05:37,2024-12-17 23:05:37,0.027867794036865234
0,2024-12-17 23:05:37,2024-12-17 23:05:37,0.03141188621520996
0,2024-12-17 23:05:38,2024-12-17 23:05:38,0.006685018539428711
0,2024-12-17 23:05:38,2024-12-17 23:05:38,0.012526988983154297
0,2024-12-17 23:05:38,2024-12-17 23:05:38,0.014413118362426758
0,2024-12-17 23:05:38,2024-12-17 23:05:38,0.01599597930908203
0,2024-12-17 23:05:38,2024-12-17 23:05:38,0.019276142120361328
0,2024-12-17 23:05:38,2024-12-17 23:05:38,0.022427797317504883
0,2024-12-17 23:05:38,2024-12-17 23:05:38,0.02091503143310547
0,2024-12-17 23:05:38,2024-12-17 23:05:38,0.017507076263427734
0,2024-12-17 23:05:39,2024-12-17 23:05:39,0.007093906402587891
0,2024-12-17 23:05:39,2024-12-17 23:05:39,0.01266622543334961
0,2024-12-17 23:05:39,2024-12-17 23:05:39,0.014990091323852539
0,2024-12-17 23:05:39,2024-12-17 23:05:39,0.017754793167114258
0,2024-12-17 23:05:39,2024-12-17 23:05:39,0.02167797088623047
0,2024-12-17 23:05:39,2024-12-17 23:05:39,0.025758028030395508
0,2024-12-17 23:05:39,2024-12-17 23:05:39,0.023607969284057617
0,2024-12-17 23:05:39,2024-12-17 23:05:39,0.019868850708007812
0,2024-12-17 23:05:40,2024-12-17 23:05:40,0.004291057586669922
0,2024-12-17 23:05:40,2024-12-17 23:05:40,0.005338191986083984
0,2024-12-17 23:05:40,2024-12-17 23:05:40,0.006707906723022461
0,2024-12-17 23:05:40,2024-12-17 23:05:40,0.007452964782714844
0,2024-12-17 23:05:40,2024-12-17 23:05:40,0.009898900985717773
0,2024-12-17 23:05:40,2024-12-17 23:05:40,0.011660099029541016
0,2024-12-17 23:05:41,2024-12-17 23:05:41,0.006381034851074219
0,2024-12-17 23:05:41,2024-12-17 23:05:41,0.009419918060302734
0,2024-12-17 23:05:41,2024-12-17 23:05:41,0.010318994522094727
0,2024-12-17 23:05:41,2024-12-17 23:05:41,0.011141061782836914
0,2024-12-17 23:05:40,2024-12-17 23:05:40,0.008877038955688477
0,2024-12-17 23:05:40,2024-12-17 23:05:40,0.0109100341796875
0,2024-12-17 23:05:42,2024-12-17 23:05:42,0.003158092498779297
0,2024-12-17 23:05:42,2024-12-17 23:05:42,0.002084016799926758
0,2024-12-17 23:05:42,2024-12-17 23:05:42,0.004869937896728516
0,2024-12-17 23:05:42,2024-12-17 23:05:42,0.006000041961669922
0,2024-12-17 23:05:42,2024-12-17 23:05:42,0.009023904800415039
0,2024-12-17 23:05:42,2024-12-17 23:05:42,0.01076507568359375
0,2024-12-17 23:05:42,2024-12-17 23:05:42,0.009910106658935547
0,2024-12-17 23:05:42,2024-12-17 23:05:42,0.007205009460449219
0,2024-12-17 23:05:43,2024-12-17 23:05:43,0.004381895065307617
0,2024-12-17 23:05:43,2024-12-17 23:05:43,0.009983062744140625
0,2024-12-17 23:05:43,2024-12-17 23:05:43,0.014506101608276367
0,2024-12-17 23:05:43,2024-12-17 23:05:43,0.016839981079101562
0,2024-12-17 23:05:43,2024-12-17 23:05:43,0.020971059799194336
0,2024-12-17 23:05:43,2024-12-17 23:05:43,0.026285171508789062
0,2024-12-17 23:05:43,2024-12-17 23:05:43,0.019069910049438477
0,2024-12-17 23:05:43,2024-12-17 23:05:43,0.02379894256591797
0,2024-12-17 23:05:44,2024-12-17 23:05:44,0.013267040252685547
0,2024-12-17 23:05:44,2024-12-17 23:05:44,0.016232967376708984
0,2024-12-17 23:05:44,2024-12-17 23:05:44,0.01836395263671875
0,2024-12-17 23:05:44,2024-12-17 23:05:44,0.020837783813476562
0,2024-12-17 23:05:44,2024-12-17 23:05:44,0.025238990783691406
0,2024-12-17 23:05:44,2024-12-17 23:05:44,0.02941107749938965
0,2024-12-17 23:05:44,2024-12-17 23:05:44,0.027608156204223633
0,2024-12-17 23:05:44,2024-12-17 23:05:44,0.023189067840576172
0,2024-12-17 23:05:45,2024-12-17 23:05:45,0.007502079010009766
0,2024-12-17 23:05:45,2024-12-17 23:05:45,0.013984918594360352
0,2024-12-17 23:05:45,2024-12-17 23:05:45,0.01796698570251465
0,2024-12-17 23:05:45,2024-12-17 23:05:45,0.020210981369018555
0,2024-12-17 23:05:45,2024-12-17 23:05:45,0.02804708480834961
0,2024-12-17 23:05:45,2024-12-17 23:05:45,0.024291038513183594
0,2024-12-17 23:05:45,2024-12-17 23:05:45,0.02241683006286621
0,2024-12-17 23:05:45,2024-12-17 23:05:45,0.02620387077331543
0,2024-12-17 23:05:46,2024-12-17 23:05:46,0.01559591293334961
0,2024-12-17 23:05:46,2024-12-17 23:05:46,0.017871856689453125
0,2024-12-17 23:05:46,2024-12-17 23:05:46,0.02015209197998047
0,2024-12-17 23:05:46,2024-12-17 23:05:46,0.022291898727416992
0,2024-12-17 23:05:46,2024-12-17 23:05:46,0.027094125747680664
0,2024-12-17 23:05:46,2024-12-17 23:05:46,0.030765056610107422
0,2024-12-17 23:05:47,2024-12-17 23:05:47,0.006649017333984375
0,2024-12-17 23:05:47,2024-12-17 23:05:47,0.01129913330078125
0,2024-12-17 23:05:47,2024-12-17 23:05:47,0.013595819473266602
0,2024-12-17 23:05:47,2024-12-17 23:05:47,0.015719890594482422
0,2024-12-17 23:05:46,2024-12-17 23:05:46,0.02489018440246582
0,2024-12-17 23:05:46,2024-12-17 23:05:46,0.028846025466918945
0,2024-12-17 23:05:48,2024-12-17 23:05:48,0.009195089340209961
0,2024-12-17 23:05:48,2024-12-17 23:05:48,0.01589512825012207
0,2024-12-17 23:05:48,2024-12-17 23:05:48,0.018931865692138672
0,2024-12-17 23:05:48,2024-12-17 23:05:48,0.021170854568481445
0,2024-12-17 23:05:48,2024-12-17 23:05:48,0.025654077529907227
0,2024-12-17 23:05:48,2024-12-17 23:05:48,0.029207944869995117
0,2024-12-17 23:05:48,2024-12-17 23:05:48,0.023439884185791016
0,2024-12-17 23:05:48,2024-12-17 23:05:48,0.02742600440979004
0,2024-12-17 23:05:49,2024-12-17 23:05:49,0.010296106338500977
0,2024-12-17 23:05:49,2024-12-17 23:05:49,0.006953001022338867
0,2024-12-17 23:05:49,2024-12-17 23:05:49,0.011172056198120117
0,2024-12-17 23:05:49,2024-12-17 23:05:49,0.012328863143920898
0,2024-12-17 23:05:49,2024-12-17 23:05:49,0.014274120330810547
0,2024-12-17 23:05:49,2024-12-17 23:05:49,0.01598501205444336
0,2024-12-17 23:05:49,2024-12-17 23:05:49,0.013476133346557617
0,2024-12-17 23:05:49,2024-12-17 23:05:49,0.01512289047241211
0,2024-12-17 23:05:50,2024-12-17 23:05:50,0.01549220085144043
0,2024-12-17 23:05:50,2024-12-17 23:05:50,0.017778873443603516
0,2024-12-17 23:05:50,2024-12-17 23:05:50,0.01994800567626953
0,2024-12-17 23:05:50,2024-12-17 23:05:50,0.0221707820892334
0,2024-12-17 23:05:50,2024-12-17 23:05:50,0.0302579402923584
0,2024-12-17 23:05:50,2024-12-17 23:05:50,0.02662801742553711
0,2024-12-17 23:05:50,2024-12-17 23:05:50,0.028522968292236328
0,2024-12-17 23:05:50,2024-12-17 23:05:50,0.024061918258666992
0,2024-12-17 23:05:51,2024-12-17 23:05:51,0.007344961166381836
0,2024-12-17 23:05:51,2024-12-17 23:05:51,0.013312101364135742
0,2024-12-17 23:05:51,2024-12-17 23:05:51,0.016933202743530273
0,2024-12-17 23:05:51,2024-12-17 23:05:51,0.0191190242767334
0,2024-12-17 23:05:51,2024-12-17 23:05:51,0.02413320541381836
0,2024-12-17 23:05:51,2024-12-17 23:05:51,0.028048992156982422
0,2024-12-17 23:05:51,2024-12-17 23:05:51,0.026095151901245117
0,2024-12-17 23:05:51,2024-12-17 23:05:51,0.0215909481048584
0,2024-12-17 23:05:52,2024-12-17 23:05:52,0.007953882217407227
0,2024-12-17 23:05:52,2024-12-17 23:05:52,0.011077165603637695
0,2024-12-17 23:05:52,2024-12-17 23:05:52,0.013061046600341797
0,2024-12-17 23:05:52,2024-12-17 23:05:52,0.014570951461791992
0,2024-12-17 23:05:52,2024-12-17 23:05:52,0.017940998077392578
0,2024-12-17 23:05:52,2024-12-17 23:05:52,0.02105402946472168
0,2024-12-17 23:05:52,2024-12-17 23:05:52,0.01621413230895996
0,2024-12-17 23:05:52,2024-12-17 23:05:52,0.01947808265686035
0,2024-12-17 23:05:53,2024-12-17 23:05:53,0.0034999847412109375
0,2024-12-17 23:05:53,2024-12-17 23:05:53,0.004509925842285156
0,2024-12-17 23:05:53,2024-12-17 23:05:53,0.005572080612182617
0,2024-12-17 23:05:53,2024-12-17 23:05:53,0.006749868392944336
0,2024-12-17 23:05:53,2024-12-17 23:05:53,0.009332895278930664
0,2024-12-17 23:05:53,2024-12-17 23:05:53,0.01160287857055664
0,2024-12-17 23:05:53,2024-12-17 23:05:53,0.010483980178833008
0,2024-12-17 23:05:53,2024-12-17 23:05:53,0.008167028427124023
0,2024-12-17 23:05:54,2024-12-17 23:05:54,0.0062961578369140625
0,2024-12-17 23:05:54,2024-12-17 23:05:54,0.014121055603027344
0,2024-12-17 23:05:54,2024-12-17 23:05:54,0.016340017318725586
0,2024-12-17 23:05:54,2024-12-17 23:05:54,0.01866602897644043
0,2024-12-17 23:05:54,2024-12-17 23:05:54,0.022522926330566406
0,2024-12-17 23:05:54,2024-12-17 23:05:54,0.02668905258178711
0,2024-12-17 23:05:54,2024-12-17 23:05:54,0.02069091796875
0,2024-12-17 23:05:54,2024-12-17 23:05:54,0.024725914001464844
0,2024-12-17 23:05:55,2024-12-17 23:05:55,0.0036699771881103516
0,2024-12-17 23:05:55,2024-12-17 23:05:55,0.005068063735961914
0,2024-12-17 23:05:55,2024-12-17 23:05:55,0.006679058074951172
0,2024-12-17 23:05:55,2024-12-17 23:05:55,0.008293867111206055
0,2024-12-17 23:05:55,2024-12-17 23:05:55,0.011876106262207031
0,2024-12-17 23:05:55,2024-12-17 23:05:55,0.01447296142578125
0,2024-12-17 23:05:55,2024-12-17 23:05:55,0.010334968566894531
0,2024-12-17 23:05:55,2024-12-17 23:05:55,0.013012886047363281
0,2024-12-17 23:05:56,2024-12-17 23:05:56,0.014693975448608398
0,2024-12-17 23:05:56,2024-12-17 23:05:56,0.01691603660583496
0,2024-12-17 23:05:56,2024-12-17 23:05:56,0.019109010696411133
0,2024-12-17 23:05:56,2024-12-17 23:05:56,0.021533966064453125
0,2024-12-17 23:05:56,2024-12-17 23:05:56,0.029880046844482422
0,2024-12-17 23:05:56,2024-12-17 23:05:56,0.025928974151611328
0,2024-12-17 23:05:56,2024-12-17 23:05:56,0.023814916610717773
0,2024-12-17 23:05:56,2024-12-17 23:05:56,0.0281679630279541
0,2024-12-17 23:05:57,2024-12-17 23:05:57,0.0032269954681396484
0,2024-12-17 23:05:57,2024-12-17 23:05:57,0.004678964614868164
0,2024-12-17 23:05:57,2024-12-17 23:05:57,0.00890493392944336
0,2024-12-17 23:05:57,2024-12-17 23:05:57,0.010200977325439453
0,2024-12-17 23:05:57,2024-12-17 23:05:57,0.012732982635498047
0,2024-12-17 23:05:57,2024-12-17 23:05:57,0.015431880950927734
0,2024-12-17 23:05:57,2024-12-17 23:05:57,0.013991832733154297
0,2024-12-17 23:05:57,2024-12-17 23:05:57,0.011420011520385742
0,2024-12-17 23:05:58,2024-12-17 23:05:58,0.005458831787109375
0,2024-12-17 23:05:58,2024-12-17 23:05:58,0.007344961166381836
0,2024-12-17 23:05:58,2024-12-17 23:05:58,0.009206056594848633
0,2024-12-17 23:05:58,2024-12-17 23:05:58,0.010988950729370117
0,2024-12-17 23:05:58,2024-12-17 23:05:58,0.015433073043823242
0,2024-12-17 23:05:58,2024-12-17 23:05:58,0.01828289031982422
0,2024-12-17 23:05:58,2024-12-17 23:05:58,0.0127410888671875
0,2024-12-17 23:05:58,2024-12-17 23:05:58,0.01663994789123535
0,2024-12-17 23:05:59,2024-12-17 23:05:59,0.0057070255279541016
0,2024-12-17 23:05:59,2024-12-17 23:05:59,0.008790016174316406
0,2024-12-17 23:05:59,2024-12-17 23:05:59,0.010554790496826172
0,2024-12-17 23:05:59,2024-12-17 23:05:59,0.012977838516235352
0,2024-12-17 23:05:59,2024-12-17 23:05:59,0.021528005599975586
0,2024-12-17 23:05:59,2024-12-17 23:05:59,0.018069982528686523
0,2024-12-17 23:05:59,2024-12-17 23:05:59,0.01623392105102539
0,2024-12-17 23:05:59,2024-12-17 23:05:59,0.019839048385620117
0,2024-12-17 23:06:00,2024-12-17 23:06:00,0.009259939193725586
0,2024-12-17 23:06:00,2024-12-17 23:06:00,0.012303829193115234
0,2024-12-17 23:06:00,2024-12-17 23:06:00,0.01927495002746582
0,2024-12-17 23:06:00,2024-12-17 23:06:00,0.02155280113220215
0,2024-12-17 23:06:00,2024-12-17 23:06:00,0.02929401397705078
0,2024-12-17 23:06:00,2024-12-17 23:06:00,0.025657176971435547
0,2024-12-17 23:06:00,2024-12-17 23:06:00,0.027544021606445312
0,2024-12-17 23:06:00,2024-12-17 23:06:00,0.02337789535522461
0,2024-12-17 23:06:01,2024-12-17 23:06:01,0.0053539276123046875
0,2024-12-17 23:06:01,2024-12-17 23:06:01,0.00660395622253418
0,2024-12-17 23:06:01,2024-12-17 23:06:01,0.009176015853881836
0,2024-12-17 23:06:01,2024-12-17 23:06:01,0.010104179382324219
0,2024-12-17 23:06:01,2024-12-17 23:06:01,0.01163482666015625
0,2024-12-17 23:06:01,2024-12-17 23:06:01,0.013108015060424805
0,2024-12-17 23:06:01,2024-12-17 23:06:01,0.012377023696899414
0,2024-12-17 23:06:01,2024-12-17 23:06:01,0.010872125625610352
0,2024-12-17 23:06:02,2024-12-17 23:06:02,0.0059587955474853516
0,2024-12-17 23:06:02,2024-12-17 23:06:02,0.013737916946411133
0,2024-12-17 23:06:02,2024-12-17 23:06:02,0.01671290397644043
0,2024-12-17 23:06:02,2024-12-17 23:06:02,0.018891096115112305
0,2024-12-17 23:06:02,2024-12-17 23:06:02,0.02289104461669922
0,2024-12-17 23:06:02,2024-12-17 23:06:02,0.026448965072631836
0,2024-12-17 23:06:02,2024-12-17 23:06:02,0.024682044982910156
0,2024-12-17 23:06:02,2024-12-17 23:06:02,0.021142005920410156
0,2024-12-17 23:06:03,2024-12-17 23:06:03,0.007992029190063477
0,2024-12-17 23:06:03,2024-12-17 23:06:03,0.009654045104980469
0,2024-12-17 23:06:03,2024-12-17 23:06:03,0.011663198471069336
0,2024-12-17 23:06:03,2024-12-17 23:06:03,0.012849807739257812
0,2024-12-17 23:06:03,2024-12-17 23:06:03,0.017601966857910156
0,2024-12-17 23:06:03,2024-12-17 23:06:03,0.015220880508422852
0,2024-12-17 23:06:03,2024-12-17 23:06:03,0.016440153121948242
0,2024-12-17 23:06:03,2024-12-17 23:06:03,0.014045000076293945
0,2024-12-17 23:06:04,2024-12-17 23:06:04,0.0076329708099365234
0,2024-12-17 23:06:04,2024-12-17 23:06:04,0.015845060348510742
0,2024-12-17 23:06:04,2024-12-17 23:06:04,0.018038034439086914
0,2024-12-17 23:06:04,2024-12-17 23:06:04,0.0202181339263916
0,2024-12-17 23:06:04,2024-12-17 23:06:04,0.02475905418395996
0,2024-12-17 23:06:04,2024-12-17 23:06:04,0.028346776962280273
0,2024-12-17 23:06:04,2024-12-17 23:06:04,0.026554107666015625
0,2024-12-17 23:06:04,2024-12-17 23:06:04,0.02256298065185547
5,2024-12-17 23:06:05,2024-12-17 23:06:05,0.007074117660522461
5,2024-12-17 23:06:05,2024-12-17 23:06:05,0.009284019470214844
5,2024-12-17 23:06:05,2024-12-17 23:06:05,0.013250112533569336
5,2024-12-17 23:06:05,2024-12-17 23:06:05,0.0195770263671875
5,2024-12-17 23:06:05,2024-12-17 23:06:05,0.023857831954956055
5,2024-12-17 23:06:05,2024-12-17 23:06:05,0.028336048126220703
5,2024-12-17 23:06:05,2024-12-17 23:06:05,0.02177596092224121
5,2024-12-17 23:06:05,2024-12-17 23:06:05,0.02595210075378418
5,2024-12-17 23:06:06,2024-12-17 23:06:06,0.006470918655395508
5,2024-12-17 23:06:06,2024-12-17 23:06:06,0.00970602035522461
5,2024-12-17 23:06:06,2024-12-17 23:06:06,0.01062917709350586
5,2024-12-17 23:06:06,2024-12-17 23:06:06,0.01151895523071289
5,2024-12-17 23:06:06,2024-12-17 23:06:06,0.013348102569580078
5,2024-12-17 23:06:06,2024-12-17 23:06:06,0.015060901641845703
5,2024-12-17 23:06:06,2024-12-17 23:06:06,0.012456893920898438
5,2024-12-17 23:06:06,2024-12-17 23:06:06,0.014211177825927734
5,2024-12-17 23:06:07,2024-12-17 23:06:07,0.008931159973144531
5,2024-12-17 23:06:07,2024-12-17 23:06:07,0.014621973037719727
5,2024-12-17 23:06:07,2024-12-17 23:06:07,0.017534971237182617
5,2024-12-17 23:06:07,2024-12-17 23:06:07,0.01949906349182129
5,2024-12-17 23:06:07,2024-12-17 23:06:07,0.02765488624572754
5,2024-12-17 23:06:07,2024-12-17 23:06:07,0.023579835891723633
5,2024-12-17 23:06:07,2024-12-17 23:06:07,0.0214231014251709
5,2024-12-17 23:06:07,2024-12-17 23:06:07,0.025866985321044922
5,2024-12-17 23:06:08,2024-12-17 23:06:08,0.014003992080688477
5,2024-12-17 23:06:08,2024-12-17 23:06:08,0.016354084014892578
5,2024-12-17 23:06:08,2024-12-17 23:06:08,0.020795822143554688
5,2024-12-17 23:06:08,2024-12-17 23:06:08,0.018538951873779297
5,2024-12-17 23:06:08,2024-12-17 23:06:08,0.028484106063842773
5,2024-12-17 23:06:08,2024-12-17 23:06:08,0.024991989135742188
5,2024-12-17 23:06:08,2024-12-17 23:06:08,0.026786088943481445
5,2024-12-17 23:06:08,2024-12-17 23:06:08,0.022884130477905273
5,2024-12-17 23:06:09,2024-12-17 23:06:09,0.008532047271728516
5,2024-12-17 23:06:09,2024-12-17 23:06:09,0.0052490234375
5,2024-12-17 23:06:09,2024-12-17 23:06:09,0.018181800842285156
5,2024-12-17 23:06:09,2024-12-17 23:06:09,0.015069007873535156
5,2024-12-17 23:06:10,2024-12-17 23:06:10,0.008167028427124023
5,2024-12-17 23:06:10,2024-12-17 23:06:10,0.011493206024169922
5,2024-12-17 23:06:10,2024-12-17 23:06:10,0.01602792739868164
5,2024-12-17 23:06:10,2024-12-17 23:06:10,0.01816701889038086
5,2024-12-17 23:06:11,2024-12-17 23:06:11,0.0017018318176269531
5,2024-12-17 23:06:11,2024-12-17 23:06:11,0.0032799243927001953
5,2024-12-17 23:06:11,2024-12-17 23:06:11,0.006537914276123047
5,2024-12-17 23:06:11,2024-12-17 23:06:11,0.005296945571899414
5,2024-12-17 23:06:12,2024-12-17 23:06:12,0.003912925720214844
5,2024-12-17 23:06:12,2024-12-17 23:06:12,0.007205009460449219
5,2024-12-17 23:06:12,2024-12-17 23:06:12,0.010175943374633789
5,2024-12-17 23:06:12,2024-12-17 23:06:12,0.01203608512878418
5,2024-12-17 23:06:13,2024-12-17 23:06:13,0.004467010498046875
5,2024-12-17 23:06:13,2024-12-17 23:06:13,0.009571075439453125
5,2024-12-17 23:06:13,2024-12-17 23:06:13,0.01412200927734375
5,2024-12-17 23:06:13,2024-12-17 23:06:13,0.011996984481811523
5,2024-12-17 23:06:14,2024-12-17 23:06:14,0.010524988174438477
5,2024-12-17 23:06:14,2024-12-17 23:06:14,0.01489400863647461
5,2024-12-17 23:06:14,2024-12-17 23:06:14,0.01940608024597168
5,2024-12-17 23:06:14,2024-12-17 23:06:14,0.017225027084350586
5,2024-12-17 23:06:15,2024-12-17 23:06:15,0.003773927688598633
5,2024-12-17 23:06:15,2024-12-17 23:06:15,0.008955955505371094
5,2024-12-17 23:06:15,2024-12-17 23:06:15,0.011105060577392578
5,2024-12-17 23:06:15,2024-12-17 23:06:15,0.013236045837402344
5,2024-12-17 23:06:16,2024-12-17 23:06:16,0.003298044204711914
5,2024-12-17 23:06:16,2024-12-17 23:06:16,0.006769895553588867
5,2024-12-17 23:06:16,2024-12-17 23:06:16,0.010266780853271484
5,2024-12-17 23:06:16,2024-12-17 23:06:16,0.013248920440673828
5,2024-12-17 23:06:17,2024-12-17 23:06:17,0.0058209896087646484
5,2024-12-17 23:06:17,2024-12-17 23:06:17,0.00817108154296875
5,2024-12-17 23:06:17,2024-12-17 23:06:17,0.01108407974243164
5,2024-12-17 23:06:17,2024-12-17 23:06:17,0.010321855545043945
5,2024-12-17 23:06:18,2024-12-17 23:06:18,0.011333942413330078
5,2024-12-17 23:06:18,2024-12-17 23:06:18,0.013993978500366211
5,2024-12-17 23:06:18,2024-12-17 23:06:18,0.01843881607055664
5,2024-12-17 23:06:18,2024-12-17 23:06:18,0.016115903854370117
